rgn_id,stock,year,landings
15,ANCHOVETA,2000,341095
15,BACALAO DE PROFUNDIDAD,2000,11
15,JUREL,2000,8682
1,ALBACORA O PEZ ESPADA,2000,0
1,ANCHOVETA,2000,557573
1,BACALAO DE PROFUNDIDAD,2000,0
1,CAMARON NAILON,2000,11
1,JUREL,2000,70365
1,LANGOSTINO COLORADO,2000,0
1,SARDINA COMUN,2000,0
2,ALBACORA O PEZ ESPADA,2000,0
2,ANCHOVETA,2000,0
2,BACALAO DE PROFUNDIDAD,2000,0
2,ANCHOVETA,2000,143310
2,JUREL,2000,20275
2,SARDINA COMUN,2000,35
2,CAMARON NAILON,2000,7
2,MERLUZA COMUN,2000,1
2,ANCHOVETA,2000,109358
2,JUREL,2000,17822
3,ALBACORA O PEZ ESPADA,2000,3
3,ANCHOVETA,2000,21778
3,BACALAO DE PROFUNDIDAD,2000,2
3,CAMARON NAILON,2000,1959
3,JUREL,2000,3678
3,LANGOSTINO AMARILLO,2000,48
3,LANGOSTINO COLORADO,2000,1382
3,MERLUZA COMUN,2000,1
3,CAMARON NAILON,2000,0
3,LANGOSTINO COLORADO,2000,0
3,MERLUZA COMUN,2000,0
3,ANCHOVETA,2000,0
3,BACALAO DE PROFUNDIDAD,2000,0
3,CAMARON NAILON,2000,168
3,JUREL,2000,0
3,LANGOSTINO AMARILLO,2000,973
3,LANGOSTINO COLORADO,2000,28
3,MERLUZA COMUN,2000,4
4,ALBACORA O PEZ ESPADA,2000,561
4,ANCHOVETA,2000,14290
4,BACALAO DE PROFUNDIDAD,2000,0
4,CAMARON NAILON,2000,1192
4,CONGRIO DORADO,2000,0
4,JUREL,2000,32926
4,LANGOSTINO AMARILLO,2000,1965
4,LANGOSTINO COLORADO,2000,301
4,MERLUZA COMUN,2000,1
4,SARDINA COMUN,2000,14
4,ANCHOVETA,2000,0
4,CAMARON NAILON,2000,0
4,LANGOSTINO AMARILLO,2000,39
4,LANGOSTINO COLORADO,2000,0
4,MERLUZA COMUN,2000,0
5,CAMARON NAILON,2000,723
5,CONGRIO DORADO,2000,0
5,LANGOSTINO AMARILLO,2000,304
5,LANGOSTINO COLORADO,2000,0
5,MERLUZA COMUN,2000,289
5,RAYA VOLANTIN,2000,0
5,ALBACORA O PEZ ESPADA,2000,14
5,ANCHOVETA,2000,21388
5,BACALAO DE PROFUNDIDAD,2000,18
5,CAMARON NAILON,2000,3
5,CONGRIO DORADO,2000,1
5,JUREL,2000,1770
5,LANGOSTINO AMARILLO,2000,89
5,LANGOSTINO COLORADO,2000,141
5,MERLUZA COMUN,2000,10676
5,MERLUZA DE COLA,2000,1
5,MERLUZA DEL SUR O AUSTRAL,2000,0
5,RAYA VOLANTIN,2000,0
5,SARDINA COMUN,2000,6542
5,ALBACORA O PEZ ESPADA,2000,206
5,ANCHOVETA,2000,0
5,BACALAO DE PROFUNDIDAD,2000,3
5,CAMARON NAILON,2000,31
5,CONGRIO DORADO,2000,11
5,LANGOSTINO AMARILLO,2000,162
5,LANGOSTINO COLORADO,2000,46
5,MERLUZA COMUN,2000,8422
5,MERLUZA DE COLA,2000,10
5,RAYA VOLANTIN,2000,0
7,ALBACORA O PEZ ESPADA,2000,1
7,BACALAO DE PROFUNDIDAD,2000,47
7,CONGRIO DORADO,2000,0
7,MERLUZA COMUN,2000,0
7,RAYA VOLANTIN,2000,0
8,ANCHOVETA,2000,55289
8,JUREL,2000,365090
8,MERLUZA COMUN,2000,0
8,MERLUZA DE COLA,2000,29481
8,MERLUZA DE TRES ALETAS,2000,9
8,MERLUZA DEL SUR O AUSTRAL,2000,0
8,SARDINA COMUN,2000,157530
8,MERLUZA COMUN,2000,0
8,MERLUZA DE COLA,2000,0
8,ANCHOVETA,2000,0
8,JUREL,2000,0
8,MERLUZA DE COLA,2000,0
8,SARDINA COMUN,2000,0
8,ALBACORA O PEZ ESPADA,2000,11
8,ANCHOVETA,2000,187081
8,BACALAO DE PROFUNDIDAD,2000,2
8,CAMARON NAILON,2000,13
8,CONGRIO DORADO,2000,11
8,JUREL,2000,495956
8,LANGOSTINO COLORADO,2000,0
8,MERLUZA COMUN,2000,7160
8,MERLUZA DE COLA,2000,36004
8,MERLUZA DEL SUR O AUSTRAL,2000,0
8,RAYA VOLANTIN,2000,1
8,SARDINA COMUN,2000,156297
8,ALBACORA O PEZ ESPADA,2000,0
8,ANCHOVETA,2000,55047
8,BACALAO DE PROFUNDIDAD,2000,0
8,CAMARON NAILON,2000,98
8,CONGRIO DORADO,2000,274
8,JUREL,2000,166121
8,LANGOSTINO AMARILLO,2000,73
8,LANGOSTINO COLORADO,2000,3363
8,MERLUZA COMUN,2000,52363
8,MERLUZA DE COLA,2000,9785
8,MERLUZA DE TRES ALETAS,2000,2
8,MERLUZA DEL SUR O AUSTRAL,2000,33
8,RAYA VOLANTIN,2000,64
8,SARDINA COMUN,2000,69572
8,ANCHOVETA,2000,7146
8,CAMARON NAILON,2000,23
8,CONGRIO DORADO,2000,59
8,JUREL,2000,24276
8,LANGOSTINO AMARILLO,2000,91
8,LANGOSTINO COLORADO,2000,4780
8,MERLUZA COMUN,2000,4633
8,MERLUZA DE COLA,2000,139
8,MERLUZA DEL SUR O AUSTRAL,2000,493
8,RAYA VOLANTIN,2000,24
8,SARDINA COMUN,2000,4410
14,ANCHOVETA,2000,0
14,JUREL,2000,0
14,MERLUZA COMUN,2000,0
14,MERLUZA DE COLA,2000,0
14,MERLUZA DE TRES ALETAS,2000,0
14,MERLUZA DEL SUR O AUSTRAL,2000,0
14,RAYA VOLANTIN,2000,0
14,SARDINA COMUN,2000,0
14,ANCHOVETA,2000,9453
14,BACALAO DE PROFUNDIDAD,2000,32
14,JUREL,2000,10999
14,MERLUZA COMUN,2000,367
14,MERLUZA DE COLA,2000,11
14,MERLUZA DEL SUR O AUSTRAL,2000,0
14,RAYA VOLANTIN,2000,5
14,SARDINA COMUN,2000,37667
10,ANCHOVETA,2000,0
10,BACALAO DE PROFUNDIDAD,2000,46
10,CAMARON NAILON,2000,0
10,JUREL,2000,0
10,MERLUZA DE COLA,2000,0
10,MERLUZA DEL SUR O AUSTRAL,2000,0
10,ANCHOVETA,2000,0
10,MERLUZA DE COLA,2000,0
10,SARDINA COMUN,2000,0
10,ANCHOVETA,2000,0
10,BACALAO DE PROFUNDIDAD,2000,102
10,CONGRIO DORADO,2000,374
10,JUREL,2000,1
10,MERLUZA COMUN,2000,82
10,MERLUZA DE COLA,2000,27
10,MERLUZA DE TRES ALETAS,2000,0
10,MERLUZA DEL SUR O AUSTRAL,2000,921
10,RAYA VOLANTIN,2000,123
10,BACALAO DE PROFUNDIDAD,2000,166
10,CONGRIO DORADO,2000,0
10,MERLUZA COMUN,2000,0
10,MERLUZA DE COLA,2000,0
10,MERLUZA DEL SUR O AUSTRAL,2000,0
10,RAYA VOLANTIN,2000,0
11,BACALAO DE PROFUNDIDAD,2000,22
11,CONGRIO DORADO,2000,1628
11,MERLUZA COMUN,2000,844
11,MERLUZA DE COLA,2000,766
11,MERLUZA DE TRES ALETAS,2000,2
11,MERLUZA DEL SUR O AUSTRAL,2000,7235
11,RAYA VOLANTIN,2000,193
11,CONGRIO DORADO,2000,0
11,MERLUZA COMUN,2000,0
11,MERLUZA DE COLA,2000,0
11,MERLUZA DE TRES ALETAS,2000,0
11,MERLUZA DEL SUR O AUSTRAL,2000,0
11,RAYA VOLANTIN,2000,0
12,BACALAO DE PROFUNDIDAD,2000,0
12,BACALAO DE PROFUNDIDAD,2000,0
12,BACALAO DE PROFUNDIDAD,2000,440
12,CONGRIO DORADO,2000,34
12,MERLUZA DEL SUR O AUSTRAL,2000,0
15,ANCHOVETA,2001,121787
15,BACALAO DE PROFUNDIDAD,2001,1
15,JUREL,2001,11908
1,ALBACORA O PEZ ESPADA,2001,0
1,ANCHOVETA,2001,328945
1,BACALAO DE PROFUNDIDAD,2001,7
1,CAMARON NAILON,2001,0
1,JUREL,2001,176810
1,LANGOSTINO COLORADO,2001,39
1,SARDINA COMUN,2001,1
2,ALBACORA O PEZ ESPADA,2001,0
2,ANCHOVETA,2001,0
2,BACALAO DE PROFUNDIDAD,2001,0
2,ANCHOVETA,2001,99831
2,JUREL,2001,34612
2,SARDINA COMUN,2001,7
2,CAMARON NAILON,2001,1
2,MERLUZA COMUN,2001,0
2,ANCHOVETA,2001,54120
2,JUREL,2001,24434
3,ALBACORA O PEZ ESPADA,2001,15
3,ANCHOVETA,2001,5558
3,BACALAO DE PROFUNDIDAD,2001,1
3,CAMARON NAILON,2001,312
3,JUREL,2001,855
3,LANGOSTINO AMARILLO,2001,29
3,LANGOSTINO COLORADO,2001,378
3,MERLUZA COMUN,2001,19
3,CAMARON NAILON,2001,0
3,LANGOSTINO COLORADO,2001,0
3,MERLUZA COMUN,2001,0
3,ANCHOVETA,2001,0
3,BACALAO DE PROFUNDIDAD,2001,0
3,CAMARON NAILON,2001,102
3,JUREL,2001,0
3,LANGOSTINO AMARILLO,2001,396
3,LANGOSTINO COLORADO,2001,0
3,MERLUZA COMUN,2001,12
4,ALBACORA O PEZ ESPADA,2001,1089
4,ANCHOVETA,2001,12
4,BACALAO DE PROFUNDIDAD,2001,0
4,CAMARON NAILON,2001,2170
4,CONGRIO DORADO,2001,0
4,JUREL,2001,16851
4,LANGOSTINO AMARILLO,2001,927
4,LANGOSTINO COLORADO,2001,570
4,MERLUZA COMUN,2001,129
4,SARDINA COMUN,2001,0
4,ANCHOVETA,2001,0
4,CAMARON NAILON,2001,1
4,LANGOSTINO AMARILLO,2001,0
4,LANGOSTINO COLORADO,2001,0
4,MERLUZA COMUN,2001,0
5,CAMARON NAILON,2001,1223
5,CONGRIO DORADO,2001,0
5,LANGOSTINO AMARILLO,2001,164
5,LANGOSTINO COLORADO,2001,0
5,MERLUZA COMUN,2001,48
5,RAYA VOLANTIN,2001,0
5,ALBACORA O PEZ ESPADA,2001,7
5,ANCHOVETA,2001,0
5,BACALAO DE PROFUNDIDAD,2001,6
5,CAMARON NAILON,2001,0
5,CONGRIO DORADO,2001,0
5,JUREL,2001,0
5,LANGOSTINO AMARILLO,2001,0
5,LANGOSTINO COLORADO,2001,0
5,MERLUZA COMUN,2001,15179
5,MERLUZA DE COLA,2001,0
5,MERLUZA DEL SUR O AUSTRAL,2001,0
5,RAYA VOLANTIN,2001,0
5,SARDINA COMUN,2001,0
5,ALBACORA O PEZ ESPADA,2001,33
5,ANCHOVETA,2001,111
5,BACALAO DE PROFUNDIDAD,2001,5
5,CAMARON NAILON,2001,47
5,CONGRIO DORADO,2001,0
5,LANGOSTINO AMARILLO,2001,5
5,LANGOSTINO COLORADO,2001,0
5,MERLUZA COMUN,2001,2905
5,MERLUZA DE COLA,2001,0
5,RAYA VOLANTIN,2001,0
7,ALBACORA O PEZ ESPADA,2001,8
7,BACALAO DE PROFUNDIDAD,2001,11
7,CONGRIO DORADO,2001,15
7,MERLUZA COMUN,2001,0
7,RAYA VOLANTIN,2001,2
8,ANCHOVETA,2001,5853
8,JUREL,2001,438629
8,MERLUZA COMUN,2001,42
8,MERLUZA DE COLA,2001,45956
8,MERLUZA DE TRES ALETAS,2001,0
8,MERLUZA DEL SUR O AUSTRAL,2001,0
8,SARDINA COMUN,2001,12562
8,MERLUZA COMUN,2001,0
8,MERLUZA DE COLA,2001,0
8,ANCHOVETA,2001,0
8,JUREL,2001,0
8,MERLUZA DE COLA,2001,0
8,SARDINA COMUN,2001,0
8,ALBACORA O PEZ ESPADA,2001,0
8,ANCHOVETA,2001,8810
8,BACALAO DE PROFUNDIDAD,2001,2
8,CAMARON NAILON,2001,0
8,CONGRIO DORADO,2001,28
8,JUREL,2001,617190
8,LANGOSTINO COLORADO,2001,0
8,MERLUZA COMUN,2001,20382
8,MERLUZA DE COLA,2001,55900
8,MERLUZA DEL SUR O AUSTRAL,2001,135
8,RAYA VOLANTIN,2001,0
8,SARDINA COMUN,2001,10379
8,ALBACORA O PEZ ESPADA,2001,0
8,ANCHOVETA,2001,3820
8,BACALAO DE PROFUNDIDAD,2001,0
8,CAMARON NAILON,2001,1
8,CONGRIO DORADO,2001,342
8,JUREL,2001,236155
8,LANGOSTINO AMARILLO,2001,0
8,LANGOSTINO COLORADO,2001,0
8,MERLUZA COMUN,2001,49158
8,MERLUZA DE COLA,2001,26244
8,MERLUZA DE TRES ALETAS,2001,0
8,MERLUZA DEL SUR O AUSTRAL,2001,288
8,RAYA VOLANTIN,2001,98
8,SARDINA COMUN,2001,6264
8,ANCHOVETA,2001,2358
8,CAMARON NAILON,2001,0
8,CONGRIO DORADO,2001,0
8,JUREL,2001,36205
8,LANGOSTINO AMARILLO,2001,2
8,LANGOSTINO COLORADO,2001,5
8,MERLUZA COMUN,2001,636
8,MERLUZA DE COLA,2001,638
8,MERLUZA DEL SUR O AUSTRAL,2001,5
8,RAYA VOLANTIN,2001,0
8,SARDINA COMUN,2001,772
14,ANCHOVETA,2001,11100
14,JUREL,2001,25956
14,MERLUZA COMUN,2001,23
14,MERLUZA DE COLA,2001,6852
14,MERLUZA DE TRES ALETAS,2001,0
14,MERLUZA DEL SUR O AUSTRAL,2001,0
14,RAYA VOLANTIN,2001,0
14,SARDINA COMUN,2001,18924
14,ANCHOVETA,2001,0
14,BACALAO DE PROFUNDIDAD,2001,19
14,JUREL,2001,0
14,MERLUZA COMUN,2001,0
14,MERLUZA DE COLA,2001,0
14,MERLUZA DEL SUR O AUSTRAL,2001,0
14,RAYA VOLANTIN,2001,0
14,SARDINA COMUN,2001,0
10,ANCHOVETA,2001,0
10,BACALAO DE PROFUNDIDAD,2001,2
10,CAMARON NAILON,2001,0
10,JUREL,2001,0
10,MERLUZA DE COLA,2001,0
10,MERLUZA DEL SUR O AUSTRAL,2001,0
10,ANCHOVETA,2001,0
10,MERLUZA DE COLA,2001,0
10,SARDINA COMUN,2001,0
10,ANCHOVETA,2001,0
10,BACALAO DE PROFUNDIDAD,2001,63
10,CONGRIO DORADO,2001,182
10,JUREL,2001,0
10,MERLUZA COMUN,2001,0
10,MERLUZA DE COLA,2001,689
10,MERLUZA DE TRES ALETAS,2001,0
10,MERLUZA DEL SUR O AUSTRAL,2001,130
10,RAYA VOLANTIN,2001,12
10,BACALAO DE PROFUNDIDAD,2001,63
10,CONGRIO DORADO,2001,0
10,MERLUZA COMUN,2001,0
10,MERLUZA DE COLA,2001,0
10,MERLUZA DEL SUR O AUSTRAL,2001,0
10,RAYA VOLANTIN,2001,0
11,BACALAO DE PROFUNDIDAD,2001,0
11,CONGRIO DORADO,2001,1982
11,MERLUZA COMUN,2001,446
11,MERLUZA DE COLA,2001,8333
11,MERLUZA DE TRES ALETAS,2001,0
11,MERLUZA DEL SUR O AUSTRAL,2001,5587
11,RAYA VOLANTIN,2001,205
11,CONGRIO DORADO,2001,0
11,MERLUZA COMUN,2001,0
11,MERLUZA DE COLA,2001,0
11,MERLUZA DE TRES ALETAS,2001,0
11,MERLUZA DEL SUR O AUSTRAL,2001,0
11,RAYA VOLANTIN,2001,0
12,BACALAO DE PROFUNDIDAD,2001,0
12,BACALAO DE PROFUNDIDAD,2001,38
12,BACALAO DE PROFUNDIDAD,2001,76
12,CONGRIO DORADO,2001,0
12,MERLUZA DEL SUR O AUSTRAL,2001,0
15,ANCHOVETA,2002,224272
15,BACALAO DE PROFUNDIDAD,2002,0
15,JUREL,2002,13945
1,ALBACORA O PEZ ESPADA,2002,0
1,ANCHOVETA,2002,744391
1,BACALAO DE PROFUNDIDAD,2002,2
1,CAMARON NAILON,2002,0
1,JUREL,2002,53127
1,LANGOSTINO COLORADO,2002,0
1,SARDINA COMUN,2002,0
2,ALBACORA O PEZ ESPADA,2002,0
2,ANCHOVETA,2002,0
2,BACALAO DE PROFUNDIDAD,2002,3
2,ANCHOVETA,2002,73774
2,JUREL,2002,23399
2,SARDINA COMUN,2002,0
2,CAMARON NAILON,2002,0
2,MERLUZA COMUN,2002,0
2,ANCHOVETA,2002,73133
2,JUREL,2002,17562
3,ALBACORA O PEZ ESPADA,2002,2
3,ANCHOVETA,2002,195
3,BACALAO DE PROFUNDIDAD,2002,5
3,CAMARON NAILON,2002,0
3,JUREL,2002,518
3,LANGOSTINO AMARILLO,2002,1
3,LANGOSTINO COLORADO,2002,190
3,MERLUZA COMUN,2002,4
3,CAMARON NAILON,2002,28
3,LANGOSTINO COLORADO,2002,313
3,MERLUZA COMUN,2002,7
3,ANCHOVETA,2002,0
3,BACALAO DE PROFUNDIDAD,2002,1
3,CAMARON NAILON,2002,98
3,JUREL,2002,0
3,LANGOSTINO AMARILLO,2002,0
3,LANGOSTINO COLORADO,2002,40
3,MERLUZA COMUN,2002,4
4,ALBACORA O PEZ ESPADA,2002,122
4,ANCHOVETA,2002,7
4,BACALAO DE PROFUNDIDAD,2002,1
4,CAMARON NAILON,2002,1792
4,CONGRIO DORADO,2002,1
4,JUREL,2002,7725
4,LANGOSTINO AMARILLO,2002,389
4,LANGOSTINO COLORADO,2002,643
4,MERLUZA COMUN,2002,50
4,SARDINA COMUN,2002,0
4,ANCHOVETA,2002,0
4,CAMARON NAILON,2002,0
4,LANGOSTINO AMARILLO,2002,3
4,LANGOSTINO COLORADO,2002,0
4,MERLUZA COMUN,2002,0
5,CAMARON NAILON,2002,1097
5,CONGRIO DORADO,2002,1
5,LANGOSTINO AMARILLO,2002,42
5,LANGOSTINO COLORADO,2002,0
5,MERLUZA COMUN,2002,57
5,RAYA VOLANTIN,2002,3
5,ALBACORA O PEZ ESPADA,2002,28
5,ANCHOVETA,2002,669
5,BACALAO DE PROFUNDIDAD,2002,5
5,CAMARON NAILON,2002,5
5,CONGRIO DORADO,2002,0
5,JUREL,2002,0
5,LANGOSTINO AMARILLO,2002,0
5,LANGOSTINO COLORADO,2002,0
5,MERLUZA COMUN,2002,11950
5,MERLUZA DE COLA,2002,0
5,MERLUZA DEL SUR O AUSTRAL,2002,0
5,RAYA VOLANTIN,2002,0
5,SARDINA COMUN,2002,186
5,ALBACORA O PEZ ESPADA,2002,58
5,ANCHOVETA,2002,0
5,BACALAO DE PROFUNDIDAD,2002,10
5,CAMARON NAILON,2002,49
5,CONGRIO DORADO,2002,0
5,LANGOSTINO AMARILLO,2002,130
5,LANGOSTINO COLORADO,2002,0
5,MERLUZA COMUN,2002,585
5,MERLUZA DE COLA,2002,0
5,RAYA VOLANTIN,2002,1
7,ALBACORA O PEZ ESPADA,2002,0
7,BACALAO DE PROFUNDIDAD,2002,4
7,CONGRIO DORADO,2002,1
7,MERLUZA COMUN,2002,0
7,RAYA VOLANTIN,2002,18
8,ANCHOVETA,2002,12314
8,JUREL,2002,375054
8,MERLUZA COMUN,2002,69
8,MERLUZA DE COLA,2002,25989
8,MERLUZA DE TRES ALETAS,2002,0
8,MERLUZA DEL SUR O AUSTRAL,2002,0
8,SARDINA COMUN,2002,7182
8,MERLUZA COMUN,2002,0
8,MERLUZA DE COLA,2002,0
8,ANCHOVETA,2002,0
8,JUREL,2002,0
8,MERLUZA DE COLA,2002,0
8,SARDINA COMUN,2002,0
8,ALBACORA O PEZ ESPADA,2002,0
8,ANCHOVETA,2002,27267
8,BACALAO DE PROFUNDIDAD,2002,0
8,CAMARON NAILON,2002,0
8,CONGRIO DORADO,2002,7
8,JUREL,2002,643741
8,LANGOSTINO COLORADO,2002,0
8,MERLUZA COMUN,2002,30359
8,MERLUZA DE COLA,2002,36993
8,MERLUZA DEL SUR O AUSTRAL,2002,151
8,RAYA VOLANTIN,2002,4
8,SARDINA COMUN,2002,13845
8,ALBACORA O PEZ ESPADA,2002,0
8,ANCHOVETA,2002,12445
8,BACALAO DE PROFUNDIDAD,2002,0
8,CAMARON NAILON,2002,9
8,CONGRIO DORADO,2002,66
8,JUREL,2002,234627
8,LANGOSTINO AMARILLO,2002,28
8,LANGOSTINO COLORADO,2002,135
8,MERLUZA COMUN,2002,46069
8,MERLUZA DE COLA,2002,32088
8,MERLUZA DE TRES ALETAS,2002,0
8,MERLUZA DEL SUR O AUSTRAL,2002,109
8,RAYA VOLANTIN,2002,101
8,SARDINA COMUN,2002,7213
8,ANCHOVETA,2002,0
8,CAMARON NAILON,2002,0
8,CONGRIO DORADO,2002,0
8,JUREL,2002,30406
8,LANGOSTINO AMARILLO,2002,0
8,LANGOSTINO COLORADO,2002,0
8,MERLUZA COMUN,2002,0
8,MERLUZA DE COLA,2002,0
8,MERLUZA DEL SUR O AUSTRAL,2002,0
8,RAYA VOLANTIN,2002,0
8,SARDINA COMUN,2002,0
14,ANCHOVETA,2002,7943
14,JUREL,2002,26743
14,MERLUZA COMUN,2002,1
14,MERLUZA DE COLA,2002,1713
14,MERLUZA DE TRES ALETAS,2002,0
14,MERLUZA DEL SUR O AUSTRAL,2002,0
14,RAYA VOLANTIN,2002,0
14,SARDINA COMUN,2002,8162
14,ANCHOVETA,2002,0
14,BACALAO DE PROFUNDIDAD,2002,0
14,JUREL,2002,0
14,MERLUZA COMUN,2002,0
14,MERLUZA DE COLA,2002,0
14,MERLUZA DEL SUR O AUSTRAL,2002,0
14,RAYA VOLANTIN,2002,0
14,SARDINA COMUN,2002,0
10,ANCHOVETA,2002,0
10,BACALAO DE PROFUNDIDAD,2002,0
10,CAMARON NAILON,2002,0
10,JUREL,2002,0
10,MERLUZA DE COLA,2002,0
10,MERLUZA DEL SUR O AUSTRAL,2002,0
10,ANCHOVETA,2002,0
10,MERLUZA DE COLA,2002,0
10,SARDINA COMUN,2002,0
10,ANCHOVETA,2002,0
10,BACALAO DE PROFUNDIDAD,2002,0
10,CONGRIO DORADO,2002,8
10,JUREL,2002,333
10,MERLUZA COMUN,2002,0
10,MERLUZA DE COLA,2002,63
10,MERLUZA DE TRES ALETAS,2002,0
10,MERLUZA DEL SUR O AUSTRAL,2002,41
10,RAYA VOLANTIN,2002,2
10,BACALAO DE PROFUNDIDAD,2002,34
10,CONGRIO DORADO,2002,0
10,MERLUZA COMUN,2002,0
10,MERLUZA DE COLA,2002,0
10,MERLUZA DEL SUR O AUSTRAL,2002,0
10,RAYA VOLANTIN,2002,0
11,BACALAO DE PROFUNDIDAD,2002,0
11,CONGRIO DORADO,2002,1623
11,MERLUZA COMUN,2002,67
11,MERLUZA DE COLA,2002,10488
11,MERLUZA DE TRES ALETAS,2002,0
11,MERLUZA DEL SUR O AUSTRAL,2002,4726
11,RAYA VOLANTIN,2002,122
11,CONGRIO DORADO,2002,0
11,MERLUZA COMUN,2002,0
11,MERLUZA DE COLA,2002,0
11,MERLUZA DE TRES ALETAS,2002,0
11,MERLUZA DEL SUR O AUSTRAL,2002,0
11,RAYA VOLANTIN,2002,0
12,BACALAO DE PROFUNDIDAD,2002,0
12,BACALAO DE PROFUNDIDAD,2002,80
12,BACALAO DE PROFUNDIDAD,2002,40
12,CONGRIO DORADO,2002,35
12,MERLUZA DEL SUR O AUSTRAL,2002,13
15,ANCHOVETA,2003,53282
15,BACALAO DE PROFUNDIDAD,2003,0
15,JUREL,2003,29185
1,ALBACORA O PEZ ESPADA,2003,0
1,ANCHOVETA,2003,183998
1,BACALAO DE PROFUNDIDAD,2003,0
1,CAMARON NAILON,2003,0
1,JUREL,2003,74591
1,LANGOSTINO COLORADO,2003,0
1,SARDINA COMUN,2003,0
2,ALBACORA O PEZ ESPADA,2003,0
2,ANCHOVETA,2003,0
2,BACALAO DE PROFUNDIDAD,2003,2
2,ANCHOVETA,2003,33205
2,JUREL,2003,15873
2,SARDINA COMUN,2003,0
2,CAMARON NAILON,2003,0
2,MERLUZA COMUN,2003,0
2,ANCHOVETA,2003,56335
2,JUREL,2003,22394
3,ALBACORA O PEZ ESPADA,2003,8
3,ANCHOVETA,2003,13912
3,BACALAO DE PROFUNDIDAD,2003,0
3,CAMARON NAILON,2003,216
3,JUREL,2003,0
3,LANGOSTINO AMARILLO,2003,1
3,LANGOSTINO COLORADO,2003,146
3,MERLUZA COMUN,2003,6
3,CAMARON NAILON,2003,0
3,LANGOSTINO COLORADO,2003,0
3,MERLUZA COMUN,2003,0
3,ANCHOVETA,2003,0
3,BACALAO DE PROFUNDIDAD,2003,0
3,CAMARON NAILON,2003,125
3,JUREL,2003,0
3,LANGOSTINO AMARILLO,2003,96
3,LANGOSTINO COLORADO,2003,0
3,MERLUZA COMUN,2003,2
4,ALBACORA O PEZ ESPADA,2003,10
4,ANCHOVETA,2003,13774
4,BACALAO DE PROFUNDIDAD,2003,0
4,CAMARON NAILON,2003,762
4,CONGRIO DORADO,2003,0
4,JUREL,2003,6106
4,LANGOSTINO AMARILLO,2003,1261
4,LANGOSTINO COLORADO,2003,701
4,MERLUZA COMUN,2003,42
4,SARDINA COMUN,2003,0
4,ANCHOVETA,2003,0
4,CAMARON NAILON,2003,0
4,LANGOSTINO AMARILLO,2003,0
4,LANGOSTINO COLORADO,2003,0
4,MERLUZA COMUN,2003,0
5,CAMARON NAILON,2003,1009
5,CONGRIO DORADO,2003,2
5,LANGOSTINO AMARILLO,2003,172
5,LANGOSTINO COLORADO,2003,0
5,MERLUZA COMUN,2003,31
5,RAYA VOLANTIN,2003,539
5,ALBACORA O PEZ ESPADA,2003,18
5,ANCHOVETA,2003,1298
5,BACALAO DE PROFUNDIDAD,2003,0
5,CAMARON NAILON,2003,154
5,CONGRIO DORADO,2003,0
5,JUREL,2003,0
5,LANGOSTINO AMARILLO,2003,0
5,LANGOSTINO COLORADO,2003,0
5,MERLUZA COMUN,2003,12735
5,MERLUZA DE COLA,2003,0
5,MERLUZA DEL SUR O AUSTRAL,2003,0
5,RAYA VOLANTIN,2003,8
5,SARDINA COMUN,2003,21
5,ALBACORA O PEZ ESPADA,2003,57
5,ANCHOVETA,2003,0
5,BACALAO DE PROFUNDIDAD,2003,1
5,CAMARON NAILON,2003,318
5,CONGRIO DORADO,2003,2
5,LANGOSTINO AMARILLO,2003,0
5,LANGOSTINO COLORADO,2003,0
5,MERLUZA COMUN,2003,2272
5,MERLUZA DE COLA,2003,0
5,RAYA VOLANTIN,2003,143
7,ALBACORA O PEZ ESPADA,2003,0
7,BACALAO DE PROFUNDIDAD,2003,0
7,CONGRIO DORADO,2003,0
7,MERLUZA COMUN,2003,0
7,RAYA VOLANTIN,2003,0
8,ANCHOVETA,2003,13365
8,JUREL,2003,248310
8,MERLUZA COMUN,2003,15
8,MERLUZA DE COLA,2003,12727
8,MERLUZA DE TRES ALETAS,2003,0
8,MERLUZA DEL SUR O AUSTRAL,2003,3
8,SARDINA COMUN,2003,6863
8,MERLUZA COMUN,2003,0
8,MERLUZA DE COLA,2003,0
8,ANCHOVETA,2003,0
8,JUREL,2003,0
8,MERLUZA DE COLA,2003,0
8,SARDINA COMUN,2003,0
8,ALBACORA O PEZ ESPADA,2003,0
8,ANCHOVETA,2003,49559
8,BACALAO DE PROFUNDIDAD,2003,0
8,CAMARON NAILON,2003,0
8,CONGRIO DORADO,2003,6
8,JUREL,2003,391426
8,LANGOSTINO COLORADO,2003,0
8,MERLUZA COMUN,2003,29971
8,MERLUZA DE COLA,2003,9078
8,MERLUZA DEL SUR O AUSTRAL,2003,69
8,RAYA VOLANTIN,2003,0
8,SARDINA COMUN,2003,19570
8,ALBACORA O PEZ ESPADA,2003,0
8,ANCHOVETA,2003,16316
8,BACALAO DE PROFUNDIDAD,2003,2
8,CAMARON NAILON,2003,0
8,CONGRIO DORADO,2003,83
8,JUREL,2003,103152
8,LANGOSTINO AMARILLO,2003,0
8,LANGOSTINO COLORADO,2003,0
8,MERLUZA COMUN,2003,44398
8,MERLUZA DE COLA,2003,26096
8,MERLUZA DE TRES ALETAS,2003,0
8,MERLUZA DEL SUR O AUSTRAL,2003,441
8,RAYA VOLANTIN,2003,353
8,SARDINA COMUN,2003,8789
8,ANCHOVETA,2003,0
8,CAMARON NAILON,2003,5
8,CONGRIO DORADO,2003,0
8,JUREL,2003,30810
8,LANGOSTINO AMARILLO,2003,9
8,LANGOSTINO COLORADO,2003,0
8,MERLUZA COMUN,2003,0
8,MERLUZA DE COLA,2003,0
8,MERLUZA DEL SUR O AUSTRAL,2003,0
8,RAYA VOLANTIN,2003,0
8,SARDINA COMUN,2003,0
14,ANCHOVETA,2003,5824
14,JUREL,2003,14829
14,MERLUZA COMUN,2003,0
14,MERLUZA DE COLA,2003,14
14,MERLUZA DE TRES ALETAS,2003,0
14,MERLUZA DEL SUR O AUSTRAL,2003,0
14,RAYA VOLANTIN,2003,0
14,SARDINA COMUN,2003,5067
14,ANCHOVETA,2003,0
14,BACALAO DE PROFUNDIDAD,2003,4
14,JUREL,2003,0
14,MERLUZA COMUN,2003,0
14,MERLUZA DE COLA,2003,0
14,MERLUZA DEL SUR O AUSTRAL,2003,0
14,RAYA VOLANTIN,2003,0
14,SARDINA COMUN,2003,0
10,ANCHOVETA,2003,0
10,BACALAO DE PROFUNDIDAD,2003,3
10,CAMARON NAILON,2003,0
10,JUREL,2003,0
10,MERLUZA DE COLA,2003,0
10,MERLUZA DEL SUR O AUSTRAL,2003,0
10,ANCHOVETA,2003,0
10,MERLUZA DE COLA,2003,0
10,SARDINA COMUN,2003,0
10,ANCHOVETA,2003,0
10,BACALAO DE PROFUNDIDAD,2003,14
10,CONGRIO DORADO,2003,41
10,JUREL,2003,0
10,MERLUZA COMUN,2003,0
10,MERLUZA DE COLA,2003,16
10,MERLUZA DE TRES ALETAS,2003,0
10,MERLUZA DEL SUR O AUSTRAL,2003,172
10,RAYA VOLANTIN,2003,1
10,BACALAO DE PROFUNDIDAD,2003,2
10,CONGRIO DORADO,2003,0
10,MERLUZA COMUN,2003,0
10,MERLUZA DE COLA,2003,0
10,MERLUZA DEL SUR O AUSTRAL,2003,0
10,RAYA VOLANTIN,2003,0
11,BACALAO DE PROFUNDIDAD,2003,5
11,CONGRIO DORADO,2003,876
11,MERLUZA COMUN,2003,120
11,MERLUZA DE COLA,2003,12843
11,MERLUZA DE TRES ALETAS,2003,0
11,MERLUZA DEL SUR O AUSTRAL,2003,4483
11,RAYA VOLANTIN,2003,106
11,CONGRIO DORADO,2003,0
11,MERLUZA COMUN,2003,0
11,MERLUZA DE COLA,2003,0
11,MERLUZA DE TRES ALETAS,2003,0
11,MERLUZA DEL SUR O AUSTRAL,2003,0
11,RAYA VOLANTIN,2003,0
12,BACALAO DE PROFUNDIDAD,2003,7
12,BACALAO DE PROFUNDIDAD,2003,63
12,BACALAO DE PROFUNDIDAD,2003,3
12,CONGRIO DORADO,2003,0
12,MERLUZA DEL SUR O AUSTRAL,2003,0
15,ANCHOVETA,2004,348047
15,BACALAO DE PROFUNDIDAD,2004,0
15,JUREL,2004,9981
1,ALBACORA O PEZ ESPADA,2004,0
1,ANCHOVETA,2004,717098
1,BACALAO DE PROFUNDIDAD,2004,0
1,CAMARON NAILON,2004,0
1,JUREL,2004,69905
1,LANGOSTINO COLORADO,2004,0
1,SARDINA COMUN,2004,0
2,ALBACORA O PEZ ESPADA,2004,0
2,ANCHOVETA,2004,0
2,BACALAO DE PROFUNDIDAD,2004,1
2,ANCHOVETA,2004,44676
2,JUREL,2004,38592
2,SARDINA COMUN,2004,0
2,CAMARON NAILON,2004,0
2,MERLUZA COMUN,2004,0
2,ANCHOVETA,2004,124469
2,JUREL,2004,37857
3,ALBACORA O PEZ ESPADA,2004,5
3,ANCHOVETA,2004,7557
3,BACALAO DE PROFUNDIDAD,2004,0
3,CAMARON NAILON,2004,176
3,JUREL,2004,0
3,LANGOSTINO AMARILLO,2004,1
3,LANGOSTINO COLORADO,2004,16
3,MERLUZA COMUN,2004,4
3,CAMARON NAILON,2004,0
3,LANGOSTINO COLORADO,2004,0
3,MERLUZA COMUN,2004,0
3,ANCHOVETA,2004,0
3,BACALAO DE PROFUNDIDAD,2004,0
3,CAMARON NAILON,2004,72
3,JUREL,2004,0
3,LANGOSTINO AMARILLO,2004,143
3,LANGOSTINO COLORADO,2004,0
3,MERLUZA COMUN,2004,7
4,ALBACORA O PEZ ESPADA,2004,30
4,ANCHOVETA,2004,18953
4,BACALAO DE PROFUNDIDAD,2004,0
4,CAMARON NAILON,2004,897
4,CONGRIO DORADO,2004,0
4,JUREL,2004,2356
4,LANGOSTINO AMARILLO,2004,655
4,LANGOSTINO COLORADO,2004,650
4,MERLUZA COMUN,2004,76
4,SARDINA COMUN,2004,0
4,ANCHOVETA,2004,271
4,CAMARON NAILON,2004,28
4,LANGOSTINO AMARILLO,2004,482
4,LANGOSTINO COLORADO,2004,2
4,MERLUZA COMUN,2004,0
5,CAMARON NAILON,2004,882
5,CONGRIO DORADO,2004,6
5,LANGOSTINO AMARILLO,2004,107
5,LANGOSTINO COLORADO,2004,0
5,MERLUZA COMUN,2004,5
5,RAYA VOLANTIN,2004,350
5,ALBACORA O PEZ ESPADA,2004,18
5,ANCHOVETA,2004,3951
5,BACALAO DE PROFUNDIDAD,2004,3
5,CAMARON NAILON,2004,194
5,CONGRIO DORADO,2004,6
5,JUREL,2004,0
5,LANGOSTINO AMARILLO,2004,13
5,LANGOSTINO COLORADO,2004,0
5,MERLUZA COMUN,2004,6621
5,MERLUZA DE COLA,2004,0
5,MERLUZA DEL SUR O AUSTRAL,2004,28
5,RAYA VOLANTIN,2004,37
5,SARDINA COMUN,2004,2555
5,ALBACORA O PEZ ESPADA,2004,6
5,ANCHOVETA,2004,0
5,BACALAO DE PROFUNDIDAD,2004,7
5,CAMARON NAILON,2004,385
5,CONGRIO DORADO,2004,2
5,LANGOSTINO AMARILLO,2004,14
5,LANGOSTINO COLORADO,2004,0
5,MERLUZA COMUN,2004,2532
5,MERLUZA DE COLA,2004,1
5,RAYA VOLANTIN,2004,81
7,ALBACORA O PEZ ESPADA,2004,0
7,BACALAO DE PROFUNDIDAD,2004,0
7,CONGRIO DORADO,2004,0
7,MERLUZA COMUN,2004,0
7,RAYA VOLANTIN,2004,0
8,ANCHOVETA,2004,29749
8,JUREL,2004,314622
8,MERLUZA COMUN,2004,0
8,MERLUZA DE COLA,2004,1425
8,MERLUZA DE TRES ALETAS,2004,0
8,MERLUZA DEL SUR O AUSTRAL,2004,0
8,SARDINA COMUN,2004,15979
8,MERLUZA COMUN,2004,0
8,MERLUZA DE COLA,2004,0
8,ANCHOVETA,2004,0
8,JUREL,2004,0
8,MERLUZA DE COLA,2004,0
8,SARDINA COMUN,2004,0
8,ALBACORA O PEZ ESPADA,2004,0
8,ANCHOVETA,2004,73953
8,BACALAO DE PROFUNDIDAD,2004,0
8,CAMARON NAILON,2004,0
8,CONGRIO DORADO,2004,2
8,JUREL,2004,454729
8,LANGOSTINO COLORADO,2004,0
8,MERLUZA COMUN,2004,16750
8,MERLUZA DE COLA,2004,8224
8,MERLUZA DEL SUR O AUSTRAL,2004,37
8,RAYA VOLANTIN,2004,0
8,SARDINA COMUN,2004,33648
8,ALBACORA O PEZ ESPADA,2004,1
8,ANCHOVETA,2004,20334
8,BACALAO DE PROFUNDIDAD,2004,0
8,CAMARON NAILON,2004,84
8,CONGRIO DORADO,2004,83
8,JUREL,2004,125094
8,LANGOSTINO AMARILLO,2004,10
8,LANGOSTINO COLORADO,2004,25
8,MERLUZA COMUN,2004,27776
8,MERLUZA DE COLA,2004,7771
8,MERLUZA DE TRES ALETAS,2004,0
8,MERLUZA DEL SUR O AUSTRAL,2004,795
8,RAYA VOLANTIN,2004,273
8,SARDINA COMUN,2004,13177
8,ANCHOVETA,2004,0
8,CAMARON NAILON,2004,0
8,CONGRIO DORADO,2004,0
8,JUREL,2004,25596
8,LANGOSTINO AMARILLO,2004,0
8,LANGOSTINO COLORADO,2004,0
8,MERLUZA COMUN,2004,0
8,MERLUZA DE COLA,2004,0
8,MERLUZA DEL SUR O AUSTRAL,2004,0
8,RAYA VOLANTIN,2004,0
8,SARDINA COMUN,2004,0
14,ANCHOVETA,2004,3649
14,JUREL,2004,21508
14,MERLUZA COMUN,2004,603
14,MERLUZA DE COLA,2004,1684
14,MERLUZA DE TRES ALETAS,2004,0
14,MERLUZA DEL SUR O AUSTRAL,2004,0
14,RAYA VOLANTIN,2004,0
14,SARDINA COMUN,2004,5750
14,ANCHOVETA,2004,0
14,BACALAO DE PROFUNDIDAD,2004,0
14,JUREL,2004,463
14,MERLUZA COMUN,2004,2414
14,MERLUZA DE COLA,2004,36
14,MERLUZA DEL SUR O AUSTRAL,2004,0
14,RAYA VOLANTIN,2004,0
14,SARDINA COMUN,2004,0
10,ANCHOVETA,2004,228
10,BACALAO DE PROFUNDIDAD,2004,0
10,CAMARON NAILON,2004,2
10,JUREL,2004,69
10,MERLUZA DE COLA,2004,0
10,MERLUZA DEL SUR O AUSTRAL,2004,0
10,ANCHOVETA,2004,0
10,MERLUZA DE COLA,2004,0
10,SARDINA COMUN,2004,0
10,ANCHOVETA,2004,0
10,BACALAO DE PROFUNDIDAD,2004,3
10,CONGRIO DORADO,2004,17
10,JUREL,2004,0
10,MERLUZA COMUN,2004,522
10,MERLUZA DE COLA,2004,605
10,MERLUZA DE TRES ALETAS,2004,0
10,MERLUZA DEL SUR O AUSTRAL,2004,77
10,RAYA VOLANTIN,2004,0
10,BACALAO DE PROFUNDIDAD,2004,0
10,CONGRIO DORADO,2004,2
10,MERLUZA COMUN,2004,0
10,MERLUZA DE COLA,2004,984
10,MERLUZA DEL SUR O AUSTRAL,2004,98
10,RAYA VOLANTIN,2004,0
11,BACALAO DE PROFUNDIDAD,2004,0
11,CONGRIO DORADO,2004,711
11,MERLUZA COMUN,2004,35
11,MERLUZA DE COLA,2004,17041
11,MERLUZA DE TRES ALETAS,2004,70
11,MERLUZA DEL SUR O AUSTRAL,2004,3614
11,RAYA VOLANTIN,2004,106
11,CONGRIO DORADO,2004,0
11,MERLUZA COMUN,2004,0
11,MERLUZA DE COLA,2004,0
11,MERLUZA DE TRES ALETAS,2004,0
11,MERLUZA DEL SUR O AUSTRAL,2004,0
11,RAYA VOLANTIN,2004,0
12,BACALAO DE PROFUNDIDAD,2004,0
12,BACALAO DE PROFUNDIDAD,2004,52
12,BACALAO DE PROFUNDIDAD,2004,13
12,CONGRIO DORADO,2004,0
12,MERLUZA DEL SUR O AUSTRAL,2004,0
15,ANCHOVETA,2005,193801
15,BACALAO DE PROFUNDIDAD,2005,0
15,JUREL,2005,24634
1,ALBACORA O PEZ ESPADA,2005,0
1,ANCHOVETA,2005,576947
1,BACALAO DE PROFUNDIDAD,2005,0
1,CAMARON NAILON,2005,0
1,JUREL,2005,96188
1,LANGOSTINO COLORADO,2005,0
1,SARDINA COMUN,2005,0
2,ALBACORA O PEZ ESPADA,2005,0
2,ANCHOVETA,2005,0
2,BACALAO DE PROFUNDIDAD,2005,2
2,ANCHOVETA,2005,39971
2,JUREL,2005,17351
2,SARDINA COMUN,2005,0
2,CAMARON NAILON,2005,0
2,MERLUZA COMUN,2005,0
2,ANCHOVETA,2005,93338
2,JUREL,2005,24695
3,ALBACORA O PEZ ESPADA,2005,4
3,ANCHOVETA,2005,0
3,BACALAO DE PROFUNDIDAD,2005,0
3,CAMARON NAILON,2005,74
3,JUREL,2005,0
3,LANGOSTINO AMARILLO,2005,3
3,LANGOSTINO COLORADO,2005,24
3,MERLUZA COMUN,2005,3
3,CAMARON NAILON,2005,0
3,LANGOSTINO COLORADO,2005,0
3,MERLUZA COMUN,2005,0
3,ANCHOVETA,2005,0
3,BACALAO DE PROFUNDIDAD,2005,0
3,CAMARON NAILON,2005,21
3,JUREL,2005,0
3,LANGOSTINO AMARILLO,2005,75
3,LANGOSTINO COLORADO,2005,6
3,MERLUZA COMUN,2005,4
4,ALBACORA O PEZ ESPADA,2005,52
4,ANCHOVETA,2005,10940
4,BACALAO DE PROFUNDIDAD,2005,0
4,CAMARON NAILON,2005,941
4,CONGRIO DORADO,2005,0
4,JUREL,2005,311
4,LANGOSTINO AMARILLO,2005,1019
4,LANGOSTINO COLORADO,2005,657
4,MERLUZA COMUN,2005,77
4,SARDINA COMUN,2005,0
4,ANCHOVETA,2005,0
4,CAMARON NAILON,2005,77
4,LANGOSTINO AMARILLO,2005,773
4,LANGOSTINO COLORADO,2005,0
4,MERLUZA COMUN,2005,43
5,CAMARON NAILON,2005,1387
5,CONGRIO DORADO,2005,0
5,LANGOSTINO AMARILLO,2005,118
5,LANGOSTINO COLORADO,2005,0
5,MERLUZA COMUN,2005,21
5,RAYA VOLANTIN,2005,165
5,ALBACORA O PEZ ESPADA,2005,23
5,ANCHOVETA,2005,7016
5,BACALAO DE PROFUNDIDAD,2005,2
5,CAMARON NAILON,2005,287
5,CONGRIO DORADO,2005,0
5,JUREL,2005,619
5,LANGOSTINO AMARILLO,2005,53
5,LANGOSTINO COLORADO,2005,0
5,MERLUZA COMUN,2005,2312
5,MERLUZA DE COLA,2005,0
5,MERLUZA DEL SUR O AUSTRAL,2005,0
5,RAYA VOLANTIN,2005,0
5,SARDINA COMUN,2005,272
5,ALBACORA O PEZ ESPADA,2005,42
5,ANCHOVETA,2005,0
5,BACALAO DE PROFUNDIDAD,2005,3
5,CAMARON NAILON,2005,189
5,CONGRIO DORADO,2005,0
5,LANGOSTINO AMARILLO,2005,2
5,LANGOSTINO COLORADO,2005,0
5,MERLUZA COMUN,2005,447
5,MERLUZA DE COLA,2005,0
5,RAYA VOLANTIN,2005,18
7,ALBACORA O PEZ ESPADA,2005,0
7,BACALAO DE PROFUNDIDAD,2005,0
7,CONGRIO DORADO,2005,0
7,MERLUZA COMUN,2005,0
7,RAYA VOLANTIN,2005,0
8,ANCHOVETA,2005,40427
8,JUREL,2005,409937
8,MERLUZA COMUN,2005,0
8,MERLUZA DE COLA,2005,10093
8,MERLUZA DE TRES ALETAS,2005,0
8,MERLUZA DEL SUR O AUSTRAL,2005,0
8,SARDINA COMUN,2005,20016
8,MERLUZA COMUN,2005,0
8,MERLUZA DE COLA,2005,0
8,ANCHOVETA,2005,0
8,JUREL,2005,1970
8,MERLUZA DE COLA,2005,0
8,SARDINA COMUN,2005,0
8,ALBACORA O PEZ ESPADA,2005,0
8,ANCHOVETA,2005,76553
8,BACALAO DE PROFUNDIDAD,2005,0
8,CAMARON NAILON,2005,0
8,CONGRIO DORADO,2005,0
8,JUREL,2005,360577
8,LANGOSTINO COLORADO,2005,0
8,MERLUZA COMUN,2005,15621
8,MERLUZA DE COLA,2005,11700
8,MERLUZA DEL SUR O AUSTRAL,2005,50
8,RAYA VOLANTIN,2005,0
8,SARDINA COMUN,2005,14021
8,ALBACORA O PEZ ESPADA,2005,0
8,ANCHOVETA,2005,26768
8,BACALAO DE PROFUNDIDAD,2005,0
8,CAMARON NAILON,2005,331
8,CONGRIO DORADO,2005,34
8,JUREL,2005,170925
8,LANGOSTINO AMARILLO,2005,6
8,LANGOSTINO COLORADO,2005,20
8,MERLUZA COMUN,2005,19045
8,MERLUZA DE COLA,2005,4111
8,MERLUZA DE TRES ALETAS,2005,0
8,MERLUZA DEL SUR O AUSTRAL,2005,340
8,RAYA VOLANTIN,2005,100
8,SARDINA COMUN,2005,11304
8,ANCHOVETA,2005,0
8,CAMARON NAILON,2005,0
8,CONGRIO DORADO,2005,0
8,JUREL,2005,226
8,LANGOSTINO AMARILLO,2005,0
8,LANGOSTINO COLORADO,2005,0
8,MERLUZA COMUN,2005,0
8,MERLUZA DE COLA,2005,0
8,MERLUZA DEL SUR O AUSTRAL,2005,0
8,RAYA VOLANTIN,2005,0
8,SARDINA COMUN,2005,0
14,ANCHOVETA,2005,12137
14,JUREL,2005,14281
14,MERLUZA COMUN,2005,1396
14,MERLUZA DE COLA,2005,845
14,MERLUZA DE TRES ALETAS,2005,0
14,MERLUZA DEL SUR O AUSTRAL,2005,139
14,RAYA VOLANTIN,2005,2
14,SARDINA COMUN,2005,14424
14,ANCHOVETA,2005,0
14,BACALAO DE PROFUNDIDAD,2005,2
14,JUREL,2005,0
14,MERLUZA COMUN,2005,3152
14,MERLUZA DE COLA,2005,0
14,MERLUZA DEL SUR O AUSTRAL,2005,0
14,RAYA VOLANTIN,2005,0
14,SARDINA COMUN,2005,0
10,ANCHOVETA,2005,0
10,BACALAO DE PROFUNDIDAD,2005,1
10,CAMARON NAILON,2005,0
10,JUREL,2005,0
10,MERLUZA DE COLA,2005,0
10,MERLUZA DEL SUR O AUSTRAL,2005,0
10,ANCHOVETA,2005,0
10,MERLUZA DE COLA,2005,0
10,SARDINA COMUN,2005,0
10,ANCHOVETA,2005,0
10,BACALAO DE PROFUNDIDAD,2005,2
10,CONGRIO DORADO,2005,11
10,JUREL,2005,0
10,MERLUZA COMUN,2005,667
10,MERLUZA DE COLA,2005,2620
10,MERLUZA DE TRES ALETAS,2005,0
10,MERLUZA DEL SUR O AUSTRAL,2005,466
10,RAYA VOLANTIN,2005,2
10,BACALAO DE PROFUNDIDAD,2005,0
10,CONGRIO DORADO,2005,1
10,MERLUZA COMUN,2005,31
10,MERLUZA DE COLA,2005,4695
10,MERLUZA DEL SUR O AUSTRAL,2005,311
10,RAYA VOLANTIN,2005,0
11,BACALAO DE PROFUNDIDAD,2005,0
11,CONGRIO DORADO,2005,178
11,MERLUZA COMUN,2005,37
11,MERLUZA DE COLA,2005,14970
11,MERLUZA DE TRES ALETAS,2005,67
11,MERLUZA DEL SUR O AUSTRAL,2005,3924
11,RAYA VOLANTIN,2005,49
11,CONGRIO DORADO,2005,0
11,MERLUZA COMUN,2005,0
11,MERLUZA DE COLA,2005,0
11,MERLUZA DE TRES ALETAS,2005,0
11,MERLUZA DEL SUR O AUSTRAL,2005,0
11,RAYA VOLANTIN,2005,0
12,BACALAO DE PROFUNDIDAD,2005,3
12,BACALAO DE PROFUNDIDAD,2005,0
12,BACALAO DE PROFUNDIDAD,2005,0
12,CONGRIO DORADO,2005,0
12,MERLUZA DEL SUR O AUSTRAL,2005,0
15,ANCHOVETA,2006,57724
15,BACALAO DE PROFUNDIDAD,2006,0
15,JUREL,2006,41624
1,ALBACORA O PEZ ESPADA,2006,0
1,ANCHOVETA,2006,292425
1,BACALAO DE PROFUNDIDAD,2006,0
1,CAMARON NAILON,2006,0
1,JUREL,2006,95568
1,LANGOSTINO COLORADO,2006,0
1,SARDINA COMUN,2006,0
2,ALBACORA O PEZ ESPADA,2006,0
2,ANCHOVETA,2006,0
2,BACALAO DE PROFUNDIDAD,2006,0
2,ANCHOVETA,2006,34135
2,JUREL,2006,4413
2,SARDINA COMUN,2006,0
2,CAMARON NAILON,2006,0
2,MERLUZA COMUN,2006,0
2,ANCHOVETA,2006,44104
2,JUREL,2006,12089
3,ALBACORA O PEZ ESPADA,2006,0
3,ANCHOVETA,2006,0
3,BACALAO DE PROFUNDIDAD,2006,0
3,CAMARON NAILON,2006,45
3,JUREL,2006,0
3,LANGOSTINO AMARILLO,2006,1
3,LANGOSTINO COLORADO,2006,24
3,MERLUZA COMUN,2006,2
3,CAMARON NAILON,2006,0
3,LANGOSTINO COLORADO,2006,0
3,MERLUZA COMUN,2006,0
3,ANCHOVETA,2006,0
3,BACALAO DE PROFUNDIDAD,2006,0
3,CAMARON NAILON,2006,14
3,JUREL,2006,0
3,LANGOSTINO AMARILLO,2006,195
3,LANGOSTINO COLORADO,2006,54
3,MERLUZA COMUN,2006,10
4,ALBACORA O PEZ ESPADA,2006,0
4,ANCHOVETA,2006,11307
4,BACALAO DE PROFUNDIDAD,2006,0
4,CAMARON NAILON,2006,742
4,CONGRIO DORADO,2006,0
4,JUREL,2006,3488
4,LANGOSTINO AMARILLO,2006,639
4,LANGOSTINO COLORADO,2006,537
4,MERLUZA COMUN,2006,67
4,SARDINA COMUN,2006,17
4,ANCHOVETA,2006,0
4,CAMARON NAILON,2006,28
4,LANGOSTINO AMARILLO,2006,1197
4,LANGOSTINO COLORADO,2006,0
4,MERLUZA COMUN,2006,39
5,CAMARON NAILON,2006,1392
5,CONGRIO DORADO,2006,0
5,LANGOSTINO AMARILLO,2006,133
5,LANGOSTINO COLORADO,2006,1
5,MERLUZA COMUN,2006,20
5,RAYA VOLANTIN,2006,102
5,ALBACORA O PEZ ESPADA,2006,25
5,ANCHOVETA,2006,5746
5,BACALAO DE PROFUNDIDAD,2006,1
5,CAMARON NAILON,2006,246
5,CONGRIO DORADO,2006,0
5,JUREL,2006,2
5,LANGOSTINO AMARILLO,2006,757
5,LANGOSTINO COLORADO,2006,2
5,MERLUZA COMUN,2006,3259
5,MERLUZA DE COLA,2006,0
5,MERLUZA DEL SUR O AUSTRAL,2006,0
5,RAYA VOLANTIN,2006,0
5,SARDINA COMUN,2006,2010
5,ALBACORA O PEZ ESPADA,2006,26
5,ANCHOVETA,2006,0
5,BACALAO DE PROFUNDIDAD,2006,5
5,CAMARON NAILON,2006,268
5,CONGRIO DORADO,2006,0
5,LANGOSTINO AMARILLO,2006,200
5,LANGOSTINO COLORADO,2006,0
5,MERLUZA COMUN,2006,428
5,MERLUZA DE COLA,2006,1
5,RAYA VOLANTIN,2006,2
7,ALBACORA O PEZ ESPADA,2006,0
7,BACALAO DE PROFUNDIDAD,2006,2
7,CONGRIO DORADO,2006,0
7,MERLUZA COMUN,2006,0
7,RAYA VOLANTIN,2006,0
8,ANCHOVETA,2006,45858
8,JUREL,2006,385914
8,MERLUZA COMUN,2006,0
8,MERLUZA DE COLA,2006,1589
8,MERLUZA DE TRES ALETAS,2006,0
8,MERLUZA DEL SUR O AUSTRAL,2006,0
8,SARDINA COMUN,2006,23231
8,MERLUZA COMUN,2006,0
8,MERLUZA DE COLA,2006,0
8,ANCHOVETA,2006,7317
8,JUREL,2006,31144
8,MERLUZA DE COLA,2006,3
8,SARDINA COMUN,2006,4284
8,ALBACORA O PEZ ESPADA,2006,0
8,ANCHOVETA,2006,76996
8,BACALAO DE PROFUNDIDAD,2006,0
8,CAMARON NAILON,2006,7
8,CONGRIO DORADO,2006,0
8,JUREL,2006,432412
8,LANGOSTINO COLORADO,2006,0
8,MERLUZA COMUN,2006,15830
8,MERLUZA DE COLA,2006,15719
8,MERLUZA DEL SUR O AUSTRAL,2006,41
8,RAYA VOLANTIN,2006,0
8,SARDINA COMUN,2006,29546
8,ALBACORA O PEZ ESPADA,2006,0
8,ANCHOVETA,2006,19209
8,BACALAO DE PROFUNDIDAD,2006,2
8,CAMARON NAILON,2006,889
8,CONGRIO DORADO,2006,87
8,JUREL,2006,166908
8,LANGOSTINO AMARILLO,2006,14
8,LANGOSTINO COLORADO,2006,28
8,MERLUZA COMUN,2006,21661
8,MERLUZA DE COLA,2006,3514
8,MERLUZA DE TRES ALETAS,2006,0
8,MERLUZA DEL SUR O AUSTRAL,2006,169
8,RAYA VOLANTIN,2006,88
8,SARDINA COMUN,2006,10319
8,ANCHOVETA,2006,0
8,CAMARON NAILON,2006,0
8,CONGRIO DORADO,2006,0
8,JUREL,2006,0
8,LANGOSTINO AMARILLO,2006,0
8,LANGOSTINO COLORADO,2006,0
8,MERLUZA COMUN,2006,0
8,MERLUZA DE COLA,2006,0
8,MERLUZA DEL SUR O AUSTRAL,2006,0
8,RAYA VOLANTIN,2006,0
8,SARDINA COMUN,2006,0
14,ANCHOVETA,2006,13399
14,JUREL,2006,33559
14,MERLUZA COMUN,2006,661
14,MERLUZA DE COLA,2006,1040
14,MERLUZA DE TRES ALETAS,2006,0
14,MERLUZA DEL SUR O AUSTRAL,2006,246
14,RAYA VOLANTIN,2006,0
14,SARDINA COMUN,2006,11951
14,ANCHOVETA,2006,0
14,BACALAO DE PROFUNDIDAD,2006,7
14,JUREL,2006,0
14,MERLUZA COMUN,2006,839
14,MERLUZA DE COLA,2006,81
14,MERLUZA DEL SUR O AUSTRAL,2006,15
14,RAYA VOLANTIN,2006,0
14,SARDINA COMUN,2006,0
10,ANCHOVETA,2006,0
10,BACALAO DE PROFUNDIDAD,2006,0
10,CAMARON NAILON,2006,0
10,JUREL,2006,0
10,MERLUZA DE COLA,2006,0
10,MERLUZA DEL SUR O AUSTRAL,2006,0
10,ANCHOVETA,2006,0
10,MERLUZA DE COLA,2006,121
10,SARDINA COMUN,2006,0
10,ANCHOVETA,2006,0
10,BACALAO DE PROFUNDIDAD,2006,18
10,CONGRIO DORADO,2006,188
10,JUREL,2006,0
10,MERLUZA COMUN,2006,850
10,MERLUZA DE COLA,2006,2774
10,MERLUZA DE TRES ALETAS,2006,2
10,MERLUZA DEL SUR O AUSTRAL,2006,233
10,RAYA VOLANTIN,2006,2
10,BACALAO DE PROFUNDIDAD,2006,0
10,CONGRIO DORADO,2006,1
10,MERLUZA COMUN,2006,9
10,MERLUZA DE COLA,2006,2461
10,MERLUZA DEL SUR O AUSTRAL,2006,100
10,RAYA VOLANTIN,2006,0
11,BACALAO DE PROFUNDIDAD,2006,0
11,CONGRIO DORADO,2006,736
11,MERLUZA COMUN,2006,10
11,MERLUZA DE COLA,2006,14055
11,MERLUZA DE TRES ALETAS,2006,495
11,MERLUZA DEL SUR O AUSTRAL,2006,2935
11,RAYA VOLANTIN,2006,0
11,CONGRIO DORADO,2006,0
11,MERLUZA COMUN,2006,0
11,MERLUZA DE COLA,2006,78
11,MERLUZA DE TRES ALETAS,2006,0
11,MERLUZA DEL SUR O AUSTRAL,2006,0
11,RAYA VOLANTIN,2006,0
12,BACALAO DE PROFUNDIDAD,2006,96
12,BACALAO DE PROFUNDIDAD,2006,0
12,BACALAO DE PROFUNDIDAD,2006,13
12,CONGRIO DORADO,2006,0
12,MERLUZA DEL SUR O AUSTRAL,2006,0
15,ANCHOVETA,2007,126514
15,BACALAO DE PROFUNDIDAD,2007,0
15,JUREL,2007,33334
1,ALBACORA O PEZ ESPADA,2007,7
1,ANCHOVETA,2007,450268
1,BACALAO DE PROFUNDIDAD,2007,0
1,CAMARON NAILON,2007,0
1,JUREL,2007,110374
1,LANGOSTINO COLORADO,2007,0
1,SARDINA COMUN,2007,0
2,ALBACORA O PEZ ESPADA,2007,63
2,ANCHOVETA,2007,0
2,BACALAO DE PROFUNDIDAD,2007,0
2,ANCHOVETA,2007,24878
2,JUREL,2007,14662
2,SARDINA COMUN,2007,0
2,CAMARON NAILON,2007,0
2,MERLUZA COMUN,2007,0
2,ANCHOVETA,2007,37953
2,JUREL,2007,14217
3,ALBACORA O PEZ ESPADA,2007,25
3,ANCHOVETA,2007,0
3,BACALAO DE PROFUNDIDAD,2007,0
3,CAMARON NAILON,2007,143
3,JUREL,2007,0
3,LANGOSTINO AMARILLO,2007,2
3,LANGOSTINO COLORADO,2007,83
3,MERLUZA COMUN,2007,9
3,CAMARON NAILON,2007,0
3,LANGOSTINO COLORADO,2007,0
3,MERLUZA COMUN,2007,0
3,ANCHOVETA,2007,0
3,BACALAO DE PROFUNDIDAD,2007,0
3,CAMARON NAILON,2007,102
3,JUREL,2007,0
3,LANGOSTINO AMARILLO,2007,27
3,LANGOSTINO COLORADO,2007,192
3,MERLUZA COMUN,2007,10
4,ALBACORA O PEZ ESPADA,2007,5
4,ANCHOVETA,2007,6706
4,BACALAO DE PROFUNDIDAD,2007,0
4,CAMARON NAILON,2007,659
4,CONGRIO DORADO,2007,0
4,JUREL,2007,2192
4,LANGOSTINO AMARILLO,2007,456
4,LANGOSTINO COLORADO,2007,640
4,MERLUZA COMUN,2007,55
4,SARDINA COMUN,2007,0
4,ANCHOVETA,2007,0
4,CAMARON NAILON,2007,15
4,LANGOSTINO AMARILLO,2007,1326
4,LANGOSTINO COLORADO,2007,0
4,MERLUZA COMUN,2007,104
5,CAMARON NAILON,2007,1351
5,CONGRIO DORADO,2007,0
5,LANGOSTINO AMARILLO,2007,169
5,LANGOSTINO COLORADO,2007,0
5,MERLUZA COMUN,2007,33
5,RAYA VOLANTIN,2007,1
5,ALBACORA O PEZ ESPADA,2007,15
5,ANCHOVETA,2007,1869
5,BACALAO DE PROFUNDIDAD,2007,0
5,CAMARON NAILON,2007,129
5,CONGRIO DORADO,2007,0
5,JUREL,2007,152
5,LANGOSTINO AMARILLO,2007,784
5,LANGOSTINO COLORADO,2007,18
5,MERLUZA COMUN,2007,5421
5,MERLUZA DE COLA,2007,0
5,MERLUZA DEL SUR O AUSTRAL,2007,0
5,RAYA VOLANTIN,2007,0
5,SARDINA COMUN,2007,343
5,ALBACORA O PEZ ESPADA,2007,0
5,ANCHOVETA,2007,0
5,BACALAO DE PROFUNDIDAD,2007,0
5,CAMARON NAILON,2007,357
5,CONGRIO DORADO,2007,0
5,LANGOSTINO AMARILLO,2007,390
5,LANGOSTINO COLORADO,2007,0
5,MERLUZA COMUN,2007,238
5,MERLUZA DE COLA,2007,0
5,RAYA VOLANTIN,2007,30
7,ALBACORA O PEZ ESPADA,2007,0
7,BACALAO DE PROFUNDIDAD,2007,0
7,CONGRIO DORADO,2007,0
7,MERLUZA COMUN,2007,0
7,RAYA VOLANTIN,2007,0
8,ANCHOVETA,2007,71530
8,JUREL,2007,403755
8,MERLUZA COMUN,2007,1
8,MERLUZA DE COLA,2007,0
8,MERLUZA DE TRES ALETAS,2007,0
8,MERLUZA DEL SUR O AUSTRAL,2007,0
8,SARDINA COMUN,2007,40577
8,MERLUZA COMUN,2007,0
8,MERLUZA DE COLA,2007,0
8,ANCHOVETA,2007,2582
8,JUREL,2007,16851
8,MERLUZA DE COLA,2007,0
8,SARDINA COMUN,2007,2385
8,ALBACORA O PEZ ESPADA,2007,0
8,ANCHOVETA,2007,83877
8,BACALAO DE PROFUNDIDAD,2007,0
8,CAMARON NAILON,2007,0
8,CONGRIO DORADO,2007,0
8,JUREL,2007,386030
8,LANGOSTINO COLORADO,2007,0
8,MERLUZA COMUN,2007,14214
8,MERLUZA DE COLA,2007,12969
8,MERLUZA DEL SUR O AUSTRAL,2007,10
8,RAYA VOLANTIN,2007,0
8,SARDINA COMUN,2007,39440
8,ALBACORA O PEZ ESPADA,2007,0
8,ANCHOVETA,2007,0
8,BACALAO DE PROFUNDIDAD,2007,0
8,CAMARON NAILON,2007,956
8,CONGRIO DORADO,2007,5
8,JUREL,2007,1159
8,LANGOSTINO AMARILLO,2007,1
8,LANGOSTINO COLORADO,2007,24
8,MERLUZA COMUN,2007,16293
8,MERLUZA DE COLA,2007,3625
8,MERLUZA DE TRES ALETAS,2007,0
8,MERLUZA DEL SUR O AUSTRAL,2007,193
8,RAYA VOLANTIN,2007,25
8,SARDINA COMUN,2007,0
8,ANCHOVETA,2007,0
8,CAMARON NAILON,2007,0
8,CONGRIO DORADO,2007,0
8,JUREL,2007,0
8,LANGOSTINO AMARILLO,2007,0
8,LANGOSTINO COLORADO,2007,0
8,MERLUZA COMUN,2007,0
8,MERLUZA DE COLA,2007,0
8,MERLUZA DEL SUR O AUSTRAL,2007,0
8,RAYA VOLANTIN,2007,0
8,SARDINA COMUN,2007,0
14,ANCHOVETA,2007,20377
14,JUREL,2007,8247
14,MERLUZA COMUN,2007,480
14,MERLUZA DE COLA,2007,705
14,MERLUZA DE TRES ALETAS,2007,0
14,MERLUZA DEL SUR O AUSTRAL,2007,11
14,RAYA VOLANTIN,2007,0
14,SARDINA COMUN,2007,12406
14,ANCHOVETA,2007,0
14,BACALAO DE PROFUNDIDAD,2007,0
14,JUREL,2007,858
14,MERLUZA COMUN,2007,2178
14,MERLUZA DE COLA,2007,0
14,MERLUZA DEL SUR O AUSTRAL,2007,0
14,RAYA VOLANTIN,2007,0
14,SARDINA COMUN,2007,0
10,ANCHOVETA,2007,0
10,BACALAO DE PROFUNDIDAD,2007,0
10,CAMARON NAILON,2007,0
10,JUREL,2007,0
10,MERLUZA DE COLA,2007,0
10,MERLUZA DEL SUR O AUSTRAL,2007,0
10,ANCHOVETA,2007,0
10,MERLUZA DE COLA,2007,0
10,SARDINA COMUN,2007,0
10,ANCHOVETA,2007,0
10,BACALAO DE PROFUNDIDAD,2007,0
10,CONGRIO DORADO,2007,23
10,JUREL,2007,0
10,MERLUZA COMUN,2007,642
10,MERLUZA DE COLA,2007,1378
10,MERLUZA DE TRES ALETAS,2007,0
10,MERLUZA DEL SUR O AUSTRAL,2007,331
10,RAYA VOLANTIN,2007,5
10,BACALAO DE PROFUNDIDAD,2007,0
10,CONGRIO DORADO,2007,3
10,MERLUZA COMUN,2007,0
10,MERLUZA DE COLA,2007,1878
10,MERLUZA DEL SUR O AUSTRAL,2007,71
10,RAYA VOLANTIN,2007,1
11,BACALAO DE PROFUNDIDAD,2007,0
11,CONGRIO DORADO,2007,216
11,MERLUZA COMUN,2007,3
11,MERLUZA DE COLA,2007,10529
11,MERLUZA DE TRES ALETAS,2007,0
11,MERLUZA DEL SUR O AUSTRAL,2007,2353
11,RAYA VOLANTIN,2007,60
11,CONGRIO DORADO,2007,186
11,MERLUZA COMUN,2007,0
11,MERLUZA DE COLA,2007,817
11,MERLUZA DE TRES ALETAS,2007,0
11,MERLUZA DEL SUR O AUSTRAL,2007,341
11,RAYA VOLANTIN,2007,37
12,BACALAO DE PROFUNDIDAD,2007,0
12,BACALAO DE PROFUNDIDAD,2007,0
12,BACALAO DE PROFUNDIDAD,2007,0
12,CONGRIO DORADO,2007,0
12,MERLUZA DEL SUR O AUSTRAL,2007,0
15,ANCHOVETA,2008,118932
15,BACALAO DE PROFUNDIDAD,2008,0
15,JUREL,2008,14363
1,ALBACORA O PEZ ESPADA,2008,13
1,ANCHOVETA,2008,360385
1,BACALAO DE PROFUNDIDAD,2008,0
1,CAMARON NAILON,2008,0
1,JUREL,2008,115728
1,LANGOSTINO COLORADO,2008,0
1,SARDINA COMUN,2008,0
2,ALBACORA O PEZ ESPADA,2008,10
2,ANCHOVETA,2008,0
2,BACALAO DE PROFUNDIDAD,2008,0
2,ANCHOVETA,2008,6018
2,JUREL,2008,21625
2,SARDINA COMUN,2008,0
2,CAMARON NAILON,2008,0
2,MERLUZA COMUN,2008,0
2,ANCHOVETA,2008,48996
2,JUREL,2008,15064
3,ALBACORA O PEZ ESPADA,2008,0
3,ANCHOVETA,2008,0
3,BACALAO DE PROFUNDIDAD,2008,0
3,CAMARON NAILON,2008,0
3,JUREL,2008,2755
3,LANGOSTINO AMARILLO,2008,0
3,LANGOSTINO COLORADO,2008,0
3,MERLUZA COMUN,2008,0
3,CAMARON NAILON,2008,0
3,LANGOSTINO COLORADO,2008,0
3,MERLUZA COMUN,2008,0
3,ANCHOVETA,2008,14
3,BACALAO DE PROFUNDIDAD,2008,0
3,CAMARON NAILON,2008,79
3,JUREL,2008,3
3,LANGOSTINO AMARILLO,2008,55
3,LANGOSTINO COLORADO,2008,54
3,MERLUZA COMUN,2008,7
4,ALBACORA O PEZ ESPADA,2008,162
4,ANCHOVETA,2008,4261
4,BACALAO DE PROFUNDIDAD,2008,0
4,CAMARON NAILON,2008,998
4,CONGRIO DORADO,2008,0
4,JUREL,2008,22362
4,LANGOSTINO AMARILLO,2008,678
4,LANGOSTINO COLORADO,2008,578
4,MERLUZA COMUN,2008,84
4,SARDINA COMUN,2008,0
4,ANCHOVETA,2008,0
4,CAMARON NAILON,2008,19
4,LANGOSTINO AMARILLO,2008,1373
4,LANGOSTINO COLORADO,2008,0
4,MERLUZA COMUN,2008,37
5,CAMARON NAILON,2008,1432
5,CONGRIO DORADO,2008,0
5,LANGOSTINO AMARILLO,2008,115
5,LANGOSTINO COLORADO,2008,0
5,MERLUZA COMUN,2008,51
5,RAYA VOLANTIN,2008,0
5,ALBACORA O PEZ ESPADA,2008,61
5,ANCHOVETA,2008,46
5,BACALAO DE PROFUNDIDAD,2008,0
5,CAMARON NAILON,2008,317
5,CONGRIO DORADO,2008,0
5,JUREL,2008,137
5,LANGOSTINO AMARILLO,2008,2086
5,LANGOSTINO COLORADO,2008,57
5,MERLUZA COMUN,2008,2090
5,MERLUZA DE COLA,2008,0
5,MERLUZA DEL SUR O AUSTRAL,2008,0
5,RAYA VOLANTIN,2008,0
5,SARDINA COMUN,2008,12
5,ALBACORA O PEZ ESPADA,2008,29
5,ANCHOVETA,2008,0
5,BACALAO DE PROFUNDIDAD,2008,0
5,CAMARON NAILON,2008,338
5,CONGRIO DORADO,2008,0
5,LANGOSTINO AMARILLO,2008,200
5,LANGOSTINO COLORADO,2008,0
5,MERLUZA COMUN,2008,250
5,MERLUZA DE COLA,2008,0
5,RAYA VOLANTIN,2008,0
7,ALBACORA O PEZ ESPADA,2008,0
7,BACALAO DE PROFUNDIDAD,2008,0
7,CONGRIO DORADO,2008,0
7,MERLUZA COMUN,2008,0
7,RAYA VOLANTIN,2008,0
8,ANCHOVETA,2008,64726
8,JUREL,2008,50492
8,MERLUZA COMUN,2008,6
8,MERLUZA DE COLA,2008,897
8,MERLUZA DE TRES ALETAS,2008,0
8,MERLUZA DEL SUR O AUSTRAL,2008,0
8,SARDINA COMUN,2008,93056
8,MERLUZA COMUN,2008,0
8,MERLUZA DE COLA,2008,0
8,ANCHOVETA,2008,4243
8,JUREL,2008,2447
8,MERLUZA DE COLA,2008,0
8,SARDINA COMUN,2008,8710
8,ALBACORA O PEZ ESPADA,2008,0
8,ANCHOVETA,2008,104668
8,BACALAO DE PROFUNDIDAD,2008,0
8,CAMARON NAILON,2008,0
8,CONGRIO DORADO,2008,0
8,JUREL,2008,87072
8,LANGOSTINO COLORADO,2008,0
8,MERLUZA COMUN,2008,20145
8,MERLUZA DE COLA,2008,19029
8,MERLUZA DEL SUR O AUSTRAL,2008,62
8,RAYA VOLANTIN,2008,4
8,SARDINA COMUN,2008,104062
8,ALBACORA O PEZ ESPADA,2008,0
8,ANCHOVETA,2008,120
8,BACALAO DE PROFUNDIDAD,2008,0
8,CAMARON NAILON,2008,577
8,CONGRIO DORADO,2008,5
8,JUREL,2008,0
8,LANGOSTINO AMARILLO,2008,5
8,LANGOSTINO COLORADO,2008,21
8,MERLUZA COMUN,2008,10039
8,MERLUZA DE COLA,2008,2562
8,MERLUZA DE TRES ALETAS,2008,0
8,MERLUZA DEL SUR O AUSTRAL,2008,35
8,RAYA VOLANTIN,2008,19
8,SARDINA COMUN,2008,175
8,ANCHOVETA,2008,0
8,CAMARON NAILON,2008,0
8,CONGRIO DORADO,2008,0
8,JUREL,2008,0
8,LANGOSTINO AMARILLO,2008,0
8,LANGOSTINO COLORADO,2008,0
8,MERLUZA COMUN,2008,0
8,MERLUZA DE COLA,2008,0
8,MERLUZA DEL SUR O AUSTRAL,2008,0
8,RAYA VOLANTIN,2008,0
8,SARDINA COMUN,2008,0
14,ANCHOVETA,2008,8586
14,JUREL,2008,1882
14,MERLUZA COMUN,2008,606
14,MERLUZA DE COLA,2008,1336
14,MERLUZA DE TRES ALETAS,2008,18
14,MERLUZA DEL SUR O AUSTRAL,2008,98
14,RAYA VOLANTIN,2008,0
14,SARDINA COMUN,2008,16937
14,ANCHOVETA,2008,0
14,BACALAO DE PROFUNDIDAD,2008,0
14,JUREL,2008,0
14,MERLUZA COMUN,2008,1798
14,MERLUZA DE COLA,2008,0
14,MERLUZA DEL SUR O AUSTRAL,2008,0
14,RAYA VOLANTIN,2008,0
14,SARDINA COMUN,2008,0
10,ANCHOVETA,2008,0
10,BACALAO DE PROFUNDIDAD,2008,0
10,CAMARON NAILON,2008,0
10,JUREL,2008,0
10,MERLUZA DE COLA,2008,0
10,MERLUZA DEL SUR O AUSTRAL,2008,0
10,ANCHOVETA,2008,0
10,MERLUZA DE COLA,2008,0
10,SARDINA COMUN,2008,0
10,ANCHOVETA,2008,0
10,BACALAO DE PROFUNDIDAD,2008,0
10,CONGRIO DORADO,2008,0
10,JUREL,2008,0
10,MERLUZA COMUN,2008,0
10,MERLUZA DE COLA,2008,0
10,MERLUZA DE TRES ALETAS,2008,0
10,MERLUZA DEL SUR O AUSTRAL,2008,0
10,RAYA VOLANTIN,2008,0
10,BACALAO DE PROFUNDIDAD,2008,0
10,CONGRIO DORADO,2008,0
10,MERLUZA COMUN,2008,0
10,MERLUZA DE COLA,2008,0
10,MERLUZA DEL SUR O AUSTRAL,2008,0
10,RAYA VOLANTIN,2008,0
11,BACALAO DE PROFUNDIDAD,2008,0
11,CONGRIO DORADO,2008,7
11,MERLUZA COMUN,2008,0
11,MERLUZA DE COLA,2008,6395
11,MERLUZA DE TRES ALETAS,2008,0
11,MERLUZA DEL SUR O AUSTRAL,2008,1800
11,RAYA VOLANTIN,2008,0
11,CONGRIO DORADO,2008,180
11,MERLUZA COMUN,2008,1
11,MERLUZA DE COLA,2008,8453
11,MERLUZA DE TRES ALETAS,2008,57
11,MERLUZA DEL SUR O AUSTRAL,2008,2103
11,RAYA VOLANTIN,2008,81
12,BACALAO DE PROFUNDIDAD,2008,0
12,BACALAO DE PROFUNDIDAD,2008,0
12,BACALAO DE PROFUNDIDAD,2008,0
12,CONGRIO DORADO,2008,0
12,MERLUZA DEL SUR O AUSTRAL,2008,0
15,ANCHOVETA,2009,88687
15,BACALAO DE PROFUNDIDAD,2009,0
15,JUREL,2009,4497
1,ALBACORA O PEZ ESPADA,2009,11
1,ANCHOVETA,2009,219809
1,BACALAO DE PROFUNDIDAD,2009,0
1,CAMARON NAILON,2009,0
1,JUREL,2009,105129
1,LANGOSTINO COLORADO,2009,0
1,SARDINA COMUN,2009,0
2,ALBACORA O PEZ ESPADA,2009,6
2,ANCHOVETA,2009,0
2,BACALAO DE PROFUNDIDAD,2009,0
2,ANCHOVETA,2009,17844
2,JUREL,2009,15581
2,SARDINA COMUN,2009,0
2,CAMARON NAILON,2009,0
2,MERLUZA COMUN,2009,0
2,ANCHOVETA,2009,40782
2,JUREL,2009,8615
3,ALBACORA O PEZ ESPADA,2009,0
3,ANCHOVETA,2009,0
3,BACALAO DE PROFUNDIDAD,2009,0
3,CAMARON NAILON,2009,0
3,JUREL,2009,50
3,LANGOSTINO AMARILLO,2009,0
3,LANGOSTINO COLORADO,2009,0
3,MERLUZA COMUN,2009,0
3,CAMARON NAILON,2009,0
3,LANGOSTINO COLORADO,2009,0
3,MERLUZA COMUN,2009,0
3,ANCHOVETA,2009,0
3,BACALAO DE PROFUNDIDAD,2009,0
3,CAMARON NAILON,2009,58
3,JUREL,2009,0
3,LANGOSTINO AMARILLO,2009,59
3,LANGOSTINO COLORADO,2009,2
3,MERLUZA COMUN,2009,4
4,ALBACORA O PEZ ESPADA,2009,84
4,ANCHOVETA,2009,6663
4,BACALAO DE PROFUNDIDAD,2009,0
4,CAMARON NAILON,2009,1086
4,CONGRIO DORADO,2009,0
4,JUREL,2009,22820
4,LANGOSTINO AMARILLO,2009,407
4,LANGOSTINO COLORADO,2009,367
4,MERLUZA COMUN,2009,61
4,SARDINA COMUN,2009,0
4,ANCHOVETA,2009,0
4,CAMARON NAILON,2009,2
4,LANGOSTINO AMARILLO,2009,1379
4,LANGOSTINO COLORADO,2009,0
4,MERLUZA COMUN,2009,21
5,CAMARON NAILON,2009,1414
5,CONGRIO DORADO,2009,0
5,LANGOSTINO AMARILLO,2009,157
5,LANGOSTINO COLORADO,2009,0
5,MERLUZA COMUN,2009,59
5,RAYA VOLANTIN,2009,17
5,ALBACORA O PEZ ESPADA,2009,84
5,ANCHOVETA,2009,1462
5,BACALAO DE PROFUNDIDAD,2009,0
5,CAMARON NAILON,2009,393
5,CONGRIO DORADO,2009,0
5,JUREL,2009,920
5,LANGOSTINO AMARILLO,2009,1788
5,LANGOSTINO COLORADO,2009,142
5,MERLUZA COMUN,2009,1097
5,MERLUZA DE COLA,2009,0
5,MERLUZA DEL SUR O AUSTRAL,2009,0
5,RAYA VOLANTIN,2009,0
5,SARDINA COMUN,2009,2356
5,ALBACORA O PEZ ESPADA,2009,28
5,ANCHOVETA,2009,0
5,BACALAO DE PROFUNDIDAD,2009,0
5,CAMARON NAILON,2009,183
5,CONGRIO DORADO,2009,0
5,LANGOSTINO AMARILLO,2009,364
5,LANGOSTINO COLORADO,2009,16
5,MERLUZA COMUN,2009,223
5,MERLUZA DE COLA,2009,0
5,RAYA VOLANTIN,2009,0
7,ALBACORA O PEZ ESPADA,2009,0
7,BACALAO DE PROFUNDIDAD,2009,0
7,CONGRIO DORADO,2009,0
7,MERLUZA COMUN,2009,7
7,RAYA VOLANTIN,2009,0
8,ANCHOVETA,2009,46916
8,JUREL,2009,123735
8,MERLUZA COMUN,2009,0
8,MERLUZA DE COLA,2009,0
8,MERLUZA DE TRES ALETAS,2009,0
8,MERLUZA DEL SUR O AUSTRAL,2009,0
8,SARDINA COMUN,2009,97393
8,MERLUZA COMUN,2009,0
8,MERLUZA DE COLA,2009,0
8,ANCHOVETA,2009,1953
8,JUREL,2009,4702
8,MERLUZA DE COLA,2009,0
8,SARDINA COMUN,2009,6612
8,ALBACORA O PEZ ESPADA,2009,0
8,ANCHOVETA,2009,105549
8,BACALAO DE PROFUNDIDAD,2009,0
8,CAMARON NAILON,2009,0
8,CONGRIO DORADO,2009,0
8,JUREL,2009,159293
8,LANGOSTINO COLORADO,2009,68
8,MERLUZA COMUN,2009,19896
8,MERLUZA DE COLA,2009,24373
8,MERLUZA DEL SUR O AUSTRAL,2009,28
8,RAYA VOLANTIN,2009,2
8,SARDINA COMUN,2009,115146
8,ALBACORA O PEZ ESPADA,2009,0
8,ANCHOVETA,2009,0
8,BACALAO DE PROFUNDIDAD,2009,0
8,CAMARON NAILON,2009,601
8,CONGRIO DORADO,2009,0
8,JUREL,2009,0
8,LANGOSTINO AMARILLO,2009,0
8,LANGOSTINO COLORADO,2009,251
8,MERLUZA COMUN,2009,7868
8,MERLUZA DE COLA,2009,524
8,MERLUZA DE TRES ALETAS,2009,0
8,MERLUZA DEL SUR O AUSTRAL,2009,44
8,RAYA VOLANTIN,2009,0
8,SARDINA COMUN,2009,0
8,ANCHOVETA,2009,0
8,CAMARON NAILON,2009,5
8,CONGRIO DORADO,2009,0
8,JUREL,2009,0
8,LANGOSTINO AMARILLO,2009,215
8,LANGOSTINO COLORADO,2009,2038
8,MERLUZA COMUN,2009,1
8,MERLUZA DE COLA,2009,0
8,MERLUZA DEL SUR O AUSTRAL,2009,0
8,RAYA VOLANTIN,2009,0
8,SARDINA COMUN,2009,0
14,ANCHOVETA,2009,15217
14,JUREL,2009,1368
14,MERLUZA COMUN,2009,870
14,MERLUZA DE COLA,2009,80
14,MERLUZA DE TRES ALETAS,2009,0
14,MERLUZA DEL SUR O AUSTRAL,2009,0
14,RAYA VOLANTIN,2009,0
14,SARDINA COMUN,2009,29754
14,ANCHOVETA,2009,210
14,BACALAO DE PROFUNDIDAD,2009,0
14,JUREL,2009,0
14,MERLUZA COMUN,2009,3416
14,MERLUZA DE COLA,2009,0
14,MERLUZA DEL SUR O AUSTRAL,2009,0
14,RAYA VOLANTIN,2009,0
14,SARDINA COMUN,2009,16
10,ANCHOVETA,2009,0
10,BACALAO DE PROFUNDIDAD,2009,0
10,CAMARON NAILON,2009,0
10,JUREL,2009,0
10,MERLUZA DE COLA,2009,0
10,MERLUZA DEL SUR O AUSTRAL,2009,0
10,ANCHOVETA,2009,0
10,MERLUZA DE COLA,2009,563
10,SARDINA COMUN,2009,0
10,ANCHOVETA,2009,21
10,BACALAO DE PROFUNDIDAD,2009,0
10,CONGRIO DORADO,2009,0
10,JUREL,2009,0
10,MERLUZA COMUN,2009,0
10,MERLUZA DE COLA,2009,0
10,MERLUZA DE TRES ALETAS,2009,0
10,MERLUZA DEL SUR O AUSTRAL,2009,0
10,RAYA VOLANTIN,2009,0
10,BACALAO DE PROFUNDIDAD,2009,0
10,CONGRIO DORADO,2009,0
10,MERLUZA COMUN,2009,0
10,MERLUZA DE COLA,2009,0
10,MERLUZA DEL SUR O AUSTRAL,2009,0
10,RAYA VOLANTIN,2009,0
11,BACALAO DE PROFUNDIDAD,2009,0
11,CONGRIO DORADO,2009,0
11,MERLUZA COMUN,2009,0
11,MERLUZA DE COLA,2009,491
11,MERLUZA DE TRES ALETAS,2009,0
11,MERLUZA DEL SUR O AUSTRAL,2009,95
11,RAYA VOLANTIN,2009,0
11,CONGRIO DORADO,2009,165
11,MERLUZA COMUN,2009,1
11,MERLUZA DE COLA,2009,15168
11,MERLUZA DE TRES ALETAS,2009,0
11,MERLUZA DEL SUR O AUSTRAL,2009,3453
11,RAYA VOLANTIN,2009,7
12,BACALAO DE PROFUNDIDAD,2009,0
12,BACALAO DE PROFUNDIDAD,2009,0
12,BACALAO DE PROFUNDIDAD,2009,0
12,CONGRIO DORADO,2009,0
12,MERLUZA DEL SUR O AUSTRAL,2009,0
15,ANCHOVETA,2010,27060
15,BACALAO DE PROFUNDIDAD,2010,0
15,JUREL,2010,1065
1,ALBACORA O PEZ ESPADA,2010,10
1,ANCHOVETA,2010,276640
1,BACALAO DE PROFUNDIDAD,2010,0
1,CAMARON NAILON,2010,0
1,JUREL,2010,83580
1,LANGOSTINO COLORADO,2010,0
1,SARDINA COMUN,2010,0
2,ALBACORA O PEZ ESPADA,2010,61
2,ANCHOVETA,2010,0
2,BACALAO DE PROFUNDIDAD,2010,0
2,ANCHOVETA,2010,38192
2,JUREL,2010,46324
2,SARDINA COMUN,2010,0
2,CAMARON NAILON,2010,0
2,MERLUZA COMUN,2010,0
2,ANCHOVETA,2010,45094
2,JUREL,2010,37899
3,ALBACORA O PEZ ESPADA,2010,4
3,ANCHOVETA,2010,0
3,BACALAO DE PROFUNDIDAD,2010,0
3,CAMARON NAILON,2010,0
3,JUREL,2010,423
3,LANGOSTINO AMARILLO,2010,0
3,LANGOSTINO COLORADO,2010,0
3,MERLUZA COMUN,2010,0
3,CAMARON NAILON,2010,0
3,LANGOSTINO COLORADO,2010,0
3,MERLUZA COMUN,2010,0
3,ANCHOVETA,2010,0
3,BACALAO DE PROFUNDIDAD,2010,0
3,CAMARON NAILON,2010,6
3,JUREL,2010,0
3,LANGOSTINO AMARILLO,2010,44
3,LANGOSTINO COLORADO,2010,2
3,MERLUZA COMUN,2010,0
4,ALBACORA O PEZ ESPADA,2010,9
4,ANCHOVETA,2010,6700
4,BACALAO DE PROFUNDIDAD,2010,0
4,CAMARON NAILON,2010,738
4,CONGRIO DORADO,2010,0
4,JUREL,2010,24358
4,LANGOSTINO AMARILLO,2010,488
4,LANGOSTINO COLORADO,2010,375
4,MERLUZA COMUN,2010,48
4,SARDINA COMUN,2010,1175
4,ANCHOVETA,2010,54
4,CAMARON NAILON,2010,40
4,LANGOSTINO AMARILLO,2010,1522
4,LANGOSTINO COLORADO,2010,0
4,MERLUZA COMUN,2010,39
5,CAMARON NAILON,2010,1353
5,CONGRIO DORADO,2010,0
5,LANGOSTINO AMARILLO,2010,69
5,LANGOSTINO COLORADO,2010,0
5,MERLUZA COMUN,2010,52
5,RAYA VOLANTIN,2010,29
5,ALBACORA O PEZ ESPADA,2010,22
5,ANCHOVETA,2010,203
5,BACALAO DE PROFUNDIDAD,2010,0
5,CAMARON NAILON,2010,463
5,CONGRIO DORADO,2010,0
5,JUREL,2010,439
5,LANGOSTINO AMARILLO,2010,1370
5,LANGOSTINO COLORADO,2010,146
5,MERLUZA COMUN,2010,938
5,MERLUZA DE COLA,2010,2027
5,MERLUZA DEL SUR O AUSTRAL,2010,0
5,RAYA VOLANTIN,2010,0
5,SARDINA COMUN,2010,1646
5,ALBACORA O PEZ ESPADA,2010,4
5,ANCHOVETA,2010,0
5,BACALAO DE PROFUNDIDAD,2010,0
5,CAMARON NAILON,2010,297
5,CONGRIO DORADO,2010,0
5,LANGOSTINO AMARILLO,2010,196
5,LANGOSTINO COLORADO,2010,93
5,MERLUZA COMUN,2010,441
5,MERLUZA DE COLA,2010,0
5,RAYA VOLANTIN,2010,0
7,ALBACORA O PEZ ESPADA,2010,0
7,BACALAO DE PROFUNDIDAD,2010,0
7,CONGRIO DORADO,2010,0
7,MERLUZA COMUN,2010,0
7,RAYA VOLANTIN,2010,0
8,ANCHOVETA,2010,31143
8,JUREL,2010,32320
8,MERLUZA COMUN,2010,417
8,MERLUZA DE COLA,2010,0
8,MERLUZA DE TRES ALETAS,2010,0
8,MERLUZA DEL SUR O AUSTRAL,2010,0
8,SARDINA COMUN,2010,73810
8,MERLUZA COMUN,2010,684
8,MERLUZA DE COLA,2010,2
8,ANCHOVETA,2010,14726
8,JUREL,2010,8494
8,MERLUZA DE COLA,2010,8670
8,SARDINA COMUN,2010,28341
8,ALBACORA O PEZ ESPADA,2010,0
8,ANCHOVETA,2010,28219
8,BACALAO DE PROFUNDIDAD,2010,0
8,CAMARON NAILON,2010,0
8,CONGRIO DORADO,2010,0
8,JUREL,2010,49037
8,LANGOSTINO COLORADO,2010,0
8,MERLUZA COMUN,2010,20619
8,MERLUZA DE COLA,2010,9873
8,MERLUZA DEL SUR O AUSTRAL,2010,27
8,RAYA VOLANTIN,2010,5
8,SARDINA COMUN,2010,59127
8,ALBACORA O PEZ ESPADA,2010,0
8,ANCHOVETA,2010,0
8,BACALAO DE PROFUNDIDAD,2010,0
8,CAMARON NAILON,2010,947
8,CONGRIO DORADO,2010,0
8,JUREL,2010,5
8,LANGOSTINO AMARILLO,2010,0
8,LANGOSTINO COLORADO,2010,299
8,MERLUZA COMUN,2010,5744
8,MERLUZA DE COLA,2010,450
8,MERLUZA DE TRES ALETAS,2010,0
8,MERLUZA DEL SUR O AUSTRAL,2010,3
8,RAYA VOLANTIN,2010,0
8,SARDINA COMUN,2010,0
8,ANCHOVETA,2010,0
8,CAMARON NAILON,2010,0
8,CONGRIO DORADO,2010,0
8,JUREL,2010,0
8,LANGOSTINO AMARILLO,2010,589
8,LANGOSTINO COLORADO,2010,1423
8,MERLUZA COMUN,2010,0
8,MERLUZA DE COLA,2010,0
8,MERLUZA DEL SUR O AUSTRAL,2010,0
8,RAYA VOLANTIN,2010,0
8,SARDINA COMUN,2010,0
14,ANCHOVETA,2010,11660
14,JUREL,2010,408
14,MERLUZA COMUN,2010,2356
14,MERLUZA DE COLA,2010,313
14,MERLUZA DE TRES ALETAS,2010,4
14,MERLUZA DEL SUR O AUSTRAL,2010,21
14,RAYA VOLANTIN,2010,0
14,SARDINA COMUN,2010,30372
14,ANCHOVETA,2010,0
14,BACALAO DE PROFUNDIDAD,2010,0
14,JUREL,2010,0
14,MERLUZA COMUN,2010,2454
14,MERLUZA DE COLA,2010,0
14,MERLUZA DEL SUR O AUSTRAL,2010,0
14,RAYA VOLANTIN,2010,0
14,SARDINA COMUN,2010,3
10,ANCHOVETA,2010,0
10,BACALAO DE PROFUNDIDAD,2010,0
10,CAMARON NAILON,2010,0
10,JUREL,2010,0
10,MERLUZA DE COLA,2010,11
10,MERLUZA DEL SUR O AUSTRAL,2010,19
10,ANCHOVETA,2010,3370
10,MERLUZA DE COLA,2010,0
10,SARDINA COMUN,2010,21199
10,ANCHOVETA,2010,0
10,BACALAO DE PROFUNDIDAD,2010,0
10,CONGRIO DORADO,2010,0
10,JUREL,2010,0
10,MERLUZA COMUN,2010,0
10,MERLUZA DE COLA,2010,0
10,MERLUZA DE TRES ALETAS,2010,0
10,MERLUZA DEL SUR O AUSTRAL,2010,0
10,RAYA VOLANTIN,2010,0
10,BACALAO DE PROFUNDIDAD,2010,0
10,CONGRIO DORADO,2010,1
10,MERLUZA COMUN,2010,0
10,MERLUZA DE COLA,2010,87
10,MERLUZA DEL SUR O AUSTRAL,2010,0
10,RAYA VOLANTIN,2010,0
11,BACALAO DE PROFUNDIDAD,2010,0
11,CONGRIO DORADO,2010,0
11,MERLUZA COMUN,2010,0
11,MERLUZA DE COLA,2010,0
11,MERLUZA DE TRES ALETAS,2010,0
11,MERLUZA DEL SUR O AUSTRAL,2010,0
11,RAYA VOLANTIN,2010,0
11,CONGRIO DORADO,2010,531
11,MERLUZA COMUN,2010,9
11,MERLUZA DE COLA,2010,16465
11,MERLUZA DE TRES ALETAS,2010,1
11,MERLUZA DEL SUR O AUSTRAL,2010,3702
11,RAYA VOLANTIN,2010,0
12,BACALAO DE PROFUNDIDAD,2010,0
12,BACALAO DE PROFUNDIDAD,2010,0
12,BACALAO DE PROFUNDIDAD,2010,0
12,CONGRIO DORADO,2010,0
12,MERLUZA DEL SUR O AUSTRAL,2010,0
15,ANCHOVETA,2011,232336
15,BACALAO DE PROFUNDIDAD,2011,0
15,JUREL,2011,616
1,ALBACORA O PEZ ESPADA,2011,0
1,ANCHOVETA,2011,550232
1,BACALAO DE PROFUNDIDAD,2011,0
1,CAMARON NAILON,2011,0
1,JUREL,2011,19003
1,LANGOSTINO COLORADO,2011,0
1,SARDINA COMUN,2011,0
2,ALBACORA O PEZ ESPADA,2011,6
2,ANCHOVETA,2011,0
2,BACALAO DE PROFUNDIDAD,2011,0
2,ANCHOVETA,2011,50289
2,JUREL,2011,5502
2,SARDINA COMUN,2011,0
2,CAMARON NAILON,2011,0
2,MERLUZA COMUN,2011,0
2,ANCHOVETA,2011,62287
2,JUREL,2011,5475
3,ALBACORA O PEZ ESPADA,2011,5
3,ANCHOVETA,2011,0
3,BACALAO DE PROFUNDIDAD,2011,0
3,CAMARON NAILON,2011,0
3,JUREL,2011,68
3,LANGOSTINO AMARILLO,2011,0
3,LANGOSTINO COLORADO,2011,0
3,MERLUZA COMUN,2011,0
3,CAMARON NAILON,2011,0
3,LANGOSTINO COLORADO,2011,0
3,MERLUZA COMUN,2011,0
3,ANCHOVETA,2011,0
3,BACALAO DE PROFUNDIDAD,2011,0
3,CAMARON NAILON,2011,10
3,JUREL,2011,0
3,LANGOSTINO AMARILLO,2011,0
3,LANGOSTINO COLORADO,2011,0
3,MERLUZA COMUN,2011,0
4,ALBACORA O PEZ ESPADA,2011,35
4,ANCHOVETA,2011,3349
4,BACALAO DE PROFUNDIDAD,2011,0
4,CAMARON NAILON,2011,457
4,CONGRIO DORADO,2011,0
4,JUREL,2011,27536
4,LANGOSTINO AMARILLO,2011,553
4,LANGOSTINO COLORADO,2011,72
4,MERLUZA COMUN,2011,31
4,SARDINA COMUN,2011,520
4,ANCHOVETA,2011,0
4,CAMARON NAILON,2011,3
4,LANGOSTINO AMARILLO,2011,1173
4,LANGOSTINO COLORADO,2011,405
4,MERLUZA COMUN,2011,36
5,CAMARON NAILON,2011,1417
5,CONGRIO DORADO,2011,0
5,LANGOSTINO AMARILLO,2011,122
5,LANGOSTINO COLORADO,2011,0
5,MERLUZA COMUN,2011,72
5,RAYA VOLANTIN,2011,0
5,ALBACORA O PEZ ESPADA,2011,60
5,ANCHOVETA,2011,228
5,BACALAO DE PROFUNDIDAD,2011,0
5,CAMARON NAILON,2011,440
5,CONGRIO DORADO,2011,0
5,JUREL,2011,466
5,LANGOSTINO AMARILLO,2011,986
5,LANGOSTINO COLORADO,2011,935
5,MERLUZA COMUN,2011,1206
5,MERLUZA DE COLA,2011,0
5,MERLUZA DEL SUR O AUSTRAL,2011,0
5,RAYA VOLANTIN,2011,0
5,SARDINA COMUN,2011,1230
5,ALBACORA O PEZ ESPADA,2011,0
5,ANCHOVETA,2011,0
5,BACALAO DE PROFUNDIDAD,2011,0
5,CAMARON NAILON,2011,303
5,CONGRIO DORADO,2011,0
5,LANGOSTINO AMARILLO,2011,592
5,LANGOSTINO COLORADO,2011,140
5,MERLUZA COMUN,2011,221
5,MERLUZA DE COLA,2011,0
5,RAYA VOLANTIN,2011,0
7,ALBACORA O PEZ ESPADA,2011,0
7,BACALAO DE PROFUNDIDAD,2011,0
7,CONGRIO DORADO,2011,0
7,MERLUZA COMUN,2011,0
7,RAYA VOLANTIN,2011,0
8,ANCHOVETA,2011,6847
8,JUREL,2011,61255
8,MERLUZA COMUN,2011,0
8,MERLUZA DE COLA,2011,303
8,MERLUZA DE TRES ALETAS,2011,0
8,MERLUZA DEL SUR O AUSTRAL,2011,0
8,SARDINA COMUN,2011,103838
8,MERLUZA COMUN,2011,0
8,MERLUZA DE COLA,2011,0
8,ANCHOVETA,2011,3015
8,JUREL,2011,12037
8,MERLUZA DE COLA,2011,10061
8,SARDINA COMUN,2011,19931
8,ALBACORA O PEZ ESPADA,2011,0
8,ANCHOVETA,2011,2411
8,BACALAO DE PROFUNDIDAD,2011,0
8,CAMARON NAILON,2011,0
8,CONGRIO DORADO,2011,0
8,JUREL,2011,39700
8,LANGOSTINO COLORADO,2011,0
8,MERLUZA COMUN,2011,17452
8,MERLUZA DE COLA,2011,11455
8,MERLUZA DEL SUR O AUSTRAL,2011,82
8,RAYA VOLANTIN,2011,0
8,SARDINA COMUN,2011,55237
8,ALBACORA O PEZ ESPADA,2011,0
8,ANCHOVETA,2011,0
8,BACALAO DE PROFUNDIDAD,2011,0
8,CAMARON NAILON,2011,949
8,CONGRIO DORADO,2011,54
8,JUREL,2011,0
8,LANGOSTINO AMARILLO,2011,47
8,LANGOSTINO COLORADO,2011,64
8,MERLUZA COMUN,2011,7737
8,MERLUZA DE COLA,2011,942
8,MERLUZA DE TRES ALETAS,2011,0
8,MERLUZA DEL SUR O AUSTRAL,2011,77
8,RAYA VOLANTIN,2011,9
8,SARDINA COMUN,2011,0
8,ANCHOVETA,2011,0
8,CAMARON NAILON,2011,0
8,CONGRIO DORADO,2011,0
8,JUREL,2011,0
8,LANGOSTINO AMARILLO,2011,409
8,LANGOSTINO COLORADO,2011,2385
8,MERLUZA COMUN,2011,0
8,MERLUZA DE COLA,2011,0
8,MERLUZA DEL SUR O AUSTRAL,2011,0
8,RAYA VOLANTIN,2011,0
8,SARDINA COMUN,2011,0
14,ANCHOVETA,2011,452
14,JUREL,2011,782
14,MERLUZA COMUN,2011,1054
14,MERLUZA DE COLA,2011,4746
14,MERLUZA DE TRES ALETAS,2011,0
14,MERLUZA DEL SUR O AUSTRAL,2011,0
14,RAYA VOLANTIN,2011,0
14,SARDINA COMUN,2011,18731
14,ANCHOVETA,2011,0
14,BACALAO DE PROFUNDIDAD,2011,0
14,JUREL,2011,0
14,MERLUZA COMUN,2011,664
14,MERLUZA DE COLA,2011,0
14,MERLUZA DEL SUR O AUSTRAL,2011,0
14,RAYA VOLANTIN,2011,0
14,SARDINA COMUN,2011,139
10,ANCHOVETA,2011,0
10,BACALAO DE PROFUNDIDAD,2011,0
10,CAMARON NAILON,2011,0
10,JUREL,2011,0
10,MERLUZA DE COLA,2011,0
10,MERLUZA DEL SUR O AUSTRAL,2011,0
10,ANCHOVETA,2011,383
10,MERLUZA DE COLA,2011,2225
10,SARDINA COMUN,2011,3115
10,ANCHOVETA,2011,0
10,BACALAO DE PROFUNDIDAD,2011,0
10,CONGRIO DORADO,2011,0
10,JUREL,2011,0
10,MERLUZA COMUN,2011,0
10,MERLUZA DE COLA,2011,0
10,MERLUZA DE TRES ALETAS,2011,0
10,MERLUZA DEL SUR O AUSTRAL,2011,0
10,RAYA VOLANTIN,2011,0
10,BACALAO DE PROFUNDIDAD,2011,0
10,CONGRIO DORADO,2011,0
10,MERLUZA COMUN,2011,0
10,MERLUZA DE COLA,2011,0
10,MERLUZA DEL SUR O AUSTRAL,2011,0
10,RAYA VOLANTIN,2011,0
11,BACALAO DE PROFUNDIDAD,2011,0
11,CONGRIO DORADO,2011,0
11,MERLUZA COMUN,2011,0
11,MERLUZA DE COLA,2011,0
11,MERLUZA DE TRES ALETAS,2011,0
11,MERLUZA DEL SUR O AUSTRAL,2011,0
11,RAYA VOLANTIN,2011,0
11,CONGRIO DORADO,2011,382
11,MERLUZA COMUN,2011,1
11,MERLUZA DE COLA,2011,11551
11,MERLUZA DE TRES ALETAS,2011,120
11,MERLUZA DEL SUR O AUSTRAL,2011,3691
11,RAYA VOLANTIN,2011,141
12,BACALAO DE PROFUNDIDAD,2011,0
12,BACALAO DE PROFUNDIDAD,2011,0
12,BACALAO DE PROFUNDIDAD,2011,0
12,CONGRIO DORADO,2011,0
12,MERLUZA DEL SUR O AUSTRAL,2011,0
15,ANCHOVETA,2012,155817
15,BACALAO DE PROFUNDIDAD,2012,0
15,JUREL,2012,494
1,ALBACORA O PEZ ESPADA,2012,0
1,ANCHOVETA,2012,416684
1,BACALAO DE PROFUNDIDAD,2012,0
1,CAMARON NAILON,2012,0
1,JUREL,2012,10650
1,LANGOSTINO COLORADO,2012,0
1,SARDINA COMUN,2012,0
2,ALBACORA O PEZ ESPADA,2012,44
2,ANCHOVETA,2012,0
2,BACALAO DE PROFUNDIDAD,2012,0
2,ANCHOVETA,2012,45909
2,JUREL,2012,723
2,SARDINA COMUN,2012,0
2,CAMARON NAILON,2012,0
2,MERLUZA COMUN,2012,0
2,ANCHOVETA,2012,12623
2,JUREL,2012,1236
3,ALBACORA O PEZ ESPADA,2012,0
3,ANCHOVETA,2012,0
3,BACALAO DE PROFUNDIDAD,2012,0
3,CAMARON NAILON,2012,0
3,JUREL,2012,0
3,LANGOSTINO AMARILLO,2012,0
3,LANGOSTINO COLORADO,2012,0
3,MERLUZA COMUN,2012,0
3,CAMARON NAILON,2012,0
3,LANGOSTINO COLORADO,2012,0
3,MERLUZA COMUN,2012,0
3,ANCHOVETA,2012,0
3,BACALAO DE PROFUNDIDAD,2012,0
3,CAMARON NAILON,2012,0
3,JUREL,2012,0
3,LANGOSTINO AMARILLO,2012,14
3,LANGOSTINO COLORADO,2012,0
3,MERLUZA COMUN,2012,0
4,ALBACORA O PEZ ESPADA,2012,26
4,ANCHOVETA,2012,0
4,BACALAO DE PROFUNDIDAD,2012,0
4,CAMARON NAILON,2012,495
4,CONGRIO DORADO,2012,0
4,JUREL,2012,29749
4,LANGOSTINO AMARILLO,2012,704
4,LANGOSTINO COLORADO,2012,96
4,MERLUZA COMUN,2012,26
4,SARDINA COMUN,2012,0
4,ANCHOVETA,2012,0
4,CAMARON NAILON,2012,38
4,LANGOSTINO AMARILLO,2012,1243
4,LANGOSTINO COLORADO,2012,1138
4,MERLUZA COMUN,2012,46
5,CAMARON NAILON,2012,1421
5,CONGRIO DORADO,2012,0
5,LANGOSTINO AMARILLO,2012,99
5,LANGOSTINO COLORADO,2012,0
5,MERLUZA COMUN,2012,48
5,RAYA VOLANTIN,2012,5
5,ALBACORA O PEZ ESPADA,2012,51
5,ANCHOVETA,2012,0
5,BACALAO DE PROFUNDIDAD,2012,0
5,CAMARON NAILON,2012,645
5,CONGRIO DORADO,2012,0
5,JUREL,2012,0
5,LANGOSTINO AMARILLO,2012,974
5,LANGOSTINO COLORADO,2012,812
5,MERLUZA COMUN,2012,1786
5,MERLUZA DE COLA,2012,0
5,MERLUZA DEL SUR O AUSTRAL,2012,0
5,RAYA VOLANTIN,2012,2
5,SARDINA COMUN,2012,0
5,ALBACORA O PEZ ESPADA,2012,0
5,ANCHOVETA,2012,0
5,BACALAO DE PROFUNDIDAD,2012,0
5,CAMARON NAILON,2012,150
5,CONGRIO DORADO,2012,0
5,LANGOSTINO AMARILLO,2012,102
5,LANGOSTINO COLORADO,2012,218
5,MERLUZA COMUN,2012,156
5,MERLUZA DE COLA,2012,0
5,RAYA VOLANTIN,2012,0
7,ALBACORA O PEZ ESPADA,2012,0
7,BACALAO DE PROFUNDIDAD,2012,0
7,CONGRIO DORADO,2012,0
7,MERLUZA COMUN,2012,0
7,RAYA VOLANTIN,2012,0
8,ANCHOVETA,2012,10027
8,JUREL,2012,110646
8,MERLUZA COMUN,2012,0
8,MERLUZA DE COLA,2012,0
8,MERLUZA DE TRES ALETAS,2012,0
8,MERLUZA DEL SUR O AUSTRAL,2012,0
8,SARDINA COMUN,2012,111257
8,MERLUZA COMUN,2012,0
8,MERLUZA DE COLA,2012,0
8,ANCHOVETA,2012,751
8,JUREL,2012,3466
8,MERLUZA DE COLA,2012,3986
8,SARDINA COMUN,2012,14265
8,ALBACORA O PEZ ESPADA,2012,0
8,ANCHOVETA,2012,2354
8,BACALAO DE PROFUNDIDAD,2012,0
8,CAMARON NAILON,2012,0
8,CONGRIO DORADO,2012,0
8,JUREL,2012,57510
8,LANGOSTINO COLORADO,2012,0
8,MERLUZA COMUN,2012,15241
8,MERLUZA DE COLA,2012,12219
8,MERLUZA DEL SUR O AUSTRAL,2012,39
8,RAYA VOLANTIN,2012,2
8,SARDINA COMUN,2012,62602
8,ALBACORA O PEZ ESPADA,2012,0
8,ANCHOVETA,2012,120
8,BACALAO DE PROFUNDIDAD,2012,0
8,CAMARON NAILON,2012,656
8,CONGRIO DORADO,2012,46
8,JUREL,2012,170
8,LANGOSTINO AMARILLO,2012,0
8,LANGOSTINO COLORADO,2012,11
8,MERLUZA COMUN,2012,7355
8,MERLUZA DE COLA,2012,1198
8,MERLUZA DE TRES ALETAS,2012,0
8,MERLUZA DEL SUR O AUSTRAL,2012,264
8,RAYA VOLANTIN,2012,1
8,SARDINA COMUN,2012,1171
8,ANCHOVETA,2012,0
8,CAMARON NAILON,2012,3
8,CONGRIO DORADO,2012,0
8,JUREL,2012,0
8,LANGOSTINO AMARILLO,2012,0
8,LANGOSTINO COLORADO,2012,3787
8,MERLUZA COMUN,2012,0
8,MERLUZA DE COLA,2012,0
8,MERLUZA DEL SUR O AUSTRAL,2012,0
8,RAYA VOLANTIN,2012,0
8,SARDINA COMUN,2012,0
14,ANCHOVETA,2012,50
14,JUREL,2012,0
14,MERLUZA COMUN,2012,287
14,MERLUZA DE COLA,2012,2059
14,MERLUZA DE TRES ALETAS,2012,0
14,MERLUZA DEL SUR O AUSTRAL,2012,0
14,RAYA VOLANTIN,2012,0
14,SARDINA COMUN,2012,13639
14,ANCHOVETA,2012,0
14,BACALAO DE PROFUNDIDAD,2012,0
14,JUREL,2012,0
14,MERLUZA COMUN,2012,465
14,MERLUZA DE COLA,2012,0
14,MERLUZA DEL SUR O AUSTRAL,2012,0
14,RAYA VOLANTIN,2012,0
14,SARDINA COMUN,2012,0
10,ANCHOVETA,2012,0
10,BACALAO DE PROFUNDIDAD,2012,0
10,CAMARON NAILON,2012,0
10,JUREL,2012,0
10,MERLUZA DE COLA,2012,0
10,MERLUZA DEL SUR O AUSTRAL,2012,0
10,ANCHOVETA,2012,0
10,MERLUZA DE COLA,2012,5881
10,SARDINA COMUN,2012,0
10,ANCHOVETA,2012,0
10,BACALAO DE PROFUNDIDAD,2012,0
10,CONGRIO DORADO,2012,0
10,JUREL,2012,0
10,MERLUZA COMUN,2012,0
10,MERLUZA DE COLA,2012,104
10,MERLUZA DE TRES ALETAS,2012,0
10,MERLUZA DEL SUR O AUSTRAL,2012,29
10,RAYA VOLANTIN,2012,0
10,BACALAO DE PROFUNDIDAD,2012,0
10,CONGRIO DORADO,2012,0
10,MERLUZA COMUN,2012,0
10,MERLUZA DE COLA,2012,0
10,MERLUZA DEL SUR O AUSTRAL,2012,0
10,RAYA VOLANTIN,2012,0
11,BACALAO DE PROFUNDIDAD,2012,0
11,CONGRIO DORADO,2012,0
11,MERLUZA COMUN,2012,0
11,MERLUZA DE COLA,2012,0
11,MERLUZA DE TRES ALETAS,2012,0
11,MERLUZA DEL SUR O AUSTRAL,2012,0
11,RAYA VOLANTIN,2012,0
11,CONGRIO DORADO,2012,359
11,MERLUZA COMUN,2012,0
11,MERLUZA DE COLA,2012,8927
11,MERLUZA DE TRES ALETAS,2012,269
11,MERLUZA DEL SUR O AUSTRAL,2012,4347
11,RAYA VOLANTIN,2012,0
12,BACALAO DE PROFUNDIDAD,2012,0
12,BACALAO DE PROFUNDIDAD,2012,0
12,BACALAO DE PROFUNDIDAD,2012,0
12,CONGRIO DORADO,2012,0
12,MERLUZA DEL SUR O AUSTRAL,2012,0
15,ANCHOVETA,2013,102952
15,BACALAO DE PROFUNDIDAD,2013,0
15,JUREL,2013,3928
1,ALBACORA O PEZ ESPADA,2013,0
1,ANCHOVETA,2013,391508
1,BACALAO DE PROFUNDIDAD,2013,0
1,CAMARON NAILON,2013,0
1,JUREL,2013,8516
1,LANGOSTINO COLORADO,2013,0
1,SARDINA COMUN,2013,0
2,ALBACORA O PEZ ESPADA,2013,75
2,ANCHOVETA,2013,0
2,BACALAO DE PROFUNDIDAD,2013,0
2,ANCHOVETA,2013,91662
2,JUREL,2013,3792
2,SARDINA COMUN,2013,0
2,CAMARON NAILON,2013,0
2,MERLUZA COMUN,2013,0
2,ANCHOVETA,2013,0
2,JUREL,2013,0
3,ALBACORA O PEZ ESPADA,2013,0
3,ANCHOVETA,2013,0
3,BACALAO DE PROFUNDIDAD,2013,0
3,CAMARON NAILON,2013,0
3,JUREL,2013,0
3,LANGOSTINO AMARILLO,2013,0
3,LANGOSTINO COLORADO,2013,0
3,MERLUZA COMUN,2013,0
3,CAMARON NAILON,2013,0
3,LANGOSTINO COLORADO,2013,0
3,MERLUZA COMUN,2013,0
3,ANCHOVETA,2013,0
3,BACALAO DE PROFUNDIDAD,2013,0
3,CAMARON NAILON,2013,0
3,JUREL,2013,0
3,LANGOSTINO AMARILLO,2013,0
3,LANGOSTINO COLORADO,2013,0
3,MERLUZA COMUN,2013,0
4,ALBACORA O PEZ ESPADA,2013,34
4,ANCHOVETA,2013,0
4,BACALAO DE PROFUNDIDAD,2013,0
4,CAMARON NAILON,2013,231
4,CONGRIO DORADO,2013,0
4,JUREL,2013,22753
4,LANGOSTINO AMARILLO,2013,172
4,LANGOSTINO COLORADO,2013,96
4,MERLUZA COMUN,2013,3
4,SARDINA COMUN,2013,0
4,ANCHOVETA,2013,0
4,CAMARON NAILON,2013,28
4,LANGOSTINO AMARILLO,2013,864
4,LANGOSTINO COLORADO,2013,838
4,MERLUZA COMUN,2013,5
5,CAMARON NAILON,2013,1342
5,CONGRIO DORADO,2013,0
5,LANGOSTINO AMARILLO,2013,85
5,LANGOSTINO COLORADO,2013,0
5,MERLUZA COMUN,2013,17
5,RAYA VOLANTIN,2013,0
5,ALBACORA O PEZ ESPADA,2013,0
5,ANCHOVETA,2013,0
5,BACALAO DE PROFUNDIDAD,2013,0
5,CAMARON NAILON,2013,459
5,CONGRIO DORADO,2013,0
5,JUREL,2013,0
5,LANGOSTINO AMARILLO,2013,620
5,LANGOSTINO COLORADO,2013,1743
5,MERLUZA COMUN,2013,2374
5,MERLUZA DE COLA,2013,0
5,MERLUZA DEL SUR O AUSTRAL,2013,0
5,RAYA VOLANTIN,2013,0
5,SARDINA COMUN,2013,0
5,ALBACORA O PEZ ESPADA,2013,0
5,ANCHOVETA,2013,0
5,BACALAO DE PROFUNDIDAD,2013,0
5,CAMARON NAILON,2013,235
5,CONGRIO DORADO,2013,0
5,LANGOSTINO AMARILLO,2013,117
5,LANGOSTINO COLORADO,2013,351
5,MERLUZA COMUN,2013,33
5,MERLUZA DE COLA,2013,0
5,RAYA VOLANTIN,2013,0
7,ALBACORA O PEZ ESPADA,2013,0
7,BACALAO DE PROFUNDIDAD,2013,0
7,CONGRIO DORADO,2013,0
7,MERLUZA COMUN,2013,0
7,RAYA VOLANTIN,2013,0
8,ANCHOVETA,2013,2775
8,JUREL,2013,111738
8,MERLUZA COMUN,2013,0
8,MERLUZA DE COLA,2013,6668
8,MERLUZA DE TRES ALETAS,2013,0
8,MERLUZA DEL SUR O AUSTRAL,2013,0
8,SARDINA COMUN,2013,27951
8,MERLUZA COMUN,2013,0
8,MERLUZA DE COLA,2013,0
8,ANCHOVETA,2013,493
8,JUREL,2013,3586
8,MERLUZA DE COLA,2013,1110
8,SARDINA COMUN,2013,5053
8,ALBACORA O PEZ ESPADA,2013,0
8,ANCHOVETA,2013,1912
8,BACALAO DE PROFUNDIDAD,2013,0
8,CAMARON NAILON,2013,0
8,CONGRIO DORADO,2013,0
8,JUREL,2013,56609
8,LANGOSTINO COLORADO,2013,0
8,MERLUZA COMUN,2013,11584
8,MERLUZA DE COLA,2013,4700
8,MERLUZA DEL SUR O AUSTRAL,2013,34
8,RAYA VOLANTIN,2013,0
8,SARDINA COMUN,2013,14530
8,ALBACORA O PEZ ESPADA,2013,0
8,ANCHOVETA,2013,0
8,BACALAO DE PROFUNDIDAD,2013,0
8,CAMARON NAILON,2013,1178
8,CONGRIO DORADO,2013,0
8,JUREL,2013,0
8,LANGOSTINO AMARILLO,2013,1
8,LANGOSTINO COLORADO,2013,54
8,MERLUZA COMUN,2013,8746
8,MERLUZA DE COLA,2013,1641
8,MERLUZA DE TRES ALETAS,2013,0
8,MERLUZA DEL SUR O AUSTRAL,2013,60
8,RAYA VOLANTIN,2013,0
8,SARDINA COMUN,2013,0
8,ANCHOVETA,2013,0
8,CAMARON NAILON,2013,0
8,CONGRIO DORADO,2013,0
8,JUREL,2013,0
8,LANGOSTINO AMARILLO,2013,0
8,LANGOSTINO COLORADO,2013,4559
8,MERLUZA COMUN,2013,0
8,MERLUZA DE COLA,2013,0
8,MERLUZA DEL SUR O AUSTRAL,2013,0
8,RAYA VOLANTIN,2013,0
8,SARDINA COMUN,2013,0
14,ANCHOVETA,2013,590
14,JUREL,2013,0
14,MERLUZA COMUN,2013,252
14,MERLUZA DE COLA,2013,0
14,MERLUZA DE TRES ALETAS,2013,0
14,MERLUZA DEL SUR O AUSTRAL,2013,0
14,RAYA VOLANTIN,2013,0
14,SARDINA COMUN,2013,6747
14,ANCHOVETA,2013,0
14,BACALAO DE PROFUNDIDAD,2013,0
14,JUREL,2013,0
14,MERLUZA COMUN,2013,602
14,MERLUZA DE COLA,2013,0
14,MERLUZA DEL SUR O AUSTRAL,2013,0
14,RAYA VOLANTIN,2013,0
14,SARDINA COMUN,2013,0
10,ANCHOVETA,2013,0
10,BACALAO DE PROFUNDIDAD,2013,0
10,CAMARON NAILON,2013,0
10,JUREL,2013,0
10,MERLUZA DE COLA,2013,0
10,MERLUZA DEL SUR O AUSTRAL,2013,0
10,ANCHOVETA,2013,0
10,MERLUZA DE COLA,2013,0
10,SARDINA COMUN,2013,0
10,ANCHOVETA,2013,0
10,BACALAO DE PROFUNDIDAD,2013,0
10,CONGRIO DORADO,2013,0
10,JUREL,2013,0
10,MERLUZA COMUN,2013,0
10,MERLUZA DE COLA,2013,0
10,MERLUZA DE TRES ALETAS,2013,0
10,MERLUZA DEL SUR O AUSTRAL,2013,0
10,RAYA VOLANTIN,2013,0
10,BACALAO DE PROFUNDIDAD,2013,0
10,CONGRIO DORADO,2013,0
10,MERLUZA COMUN,2013,0
10,MERLUZA DE COLA,2013,0
10,MERLUZA DEL SUR O AUSTRAL,2013,0
10,RAYA VOLANTIN,2013,0
11,BACALAO DE PROFUNDIDAD,2013,0
11,CONGRIO DORADO,2013,0
11,MERLUZA COMUN,2013,0
11,MERLUZA DE COLA,2013,0
11,MERLUZA DE TRES ALETAS,2013,0
11,MERLUZA DEL SUR O AUSTRAL,2013,0
11,RAYA VOLANTIN,2013,0
11,CONGRIO DORADO,2013,189
11,MERLUZA COMUN,2013,0
11,MERLUZA DE COLA,2013,11691
11,MERLUZA DE TRES ALETAS,2013,1384
11,MERLUZA DEL SUR O AUSTRAL,2013,6081
11,RAYA VOLANTIN,2013,0
12,BACALAO DE PROFUNDIDAD,2013,0
12,BACALAO DE PROFUNDIDAD,2013,0
12,BACALAO DE PROFUNDIDAD,2013,0
12,CONGRIO DORADO,2013,0
12,MERLUZA DEL SUR O AUSTRAL,2013,0
15,ANCHOVETA,2014,146283
15,BACALAO DE PROFUNDIDAD,2014,0
15,JUREL,2014,1045
1,ALBACORA O PEZ ESPADA,2014,0
1,ANCHOVETA,2014,381329
1,BACALAO DE PROFUNDIDAD,2014,0
1,CAMARON NAILON,2014,0
1,JUREL,2014,13383
1,LANGOSTINO COLORADO,2014,0
1,SARDINA COMUN,2014,0
2,ALBACORA O PEZ ESPADA,2014,0
2,ANCHOVETA,2014,659
2,BACALAO DE PROFUNDIDAD,2014,0
2,ANCHOVETA,2014,54148
2,JUREL,2014,2183
2,SARDINA COMUN,2014,0
2,CAMARON NAILON,2014,0
2,MERLUZA COMUN,2014,0
2,ANCHOVETA,2014,0
2,JUREL,2014,0
3,ALBACORA O PEZ ESPADA,2014,0
3,ANCHOVETA,2014,0
3,BACALAO DE PROFUNDIDAD,2014,0
3,CAMARON NAILON,2014,0
3,JUREL,2014,0
3,LANGOSTINO AMARILLO,2014,0
3,LANGOSTINO COLORADO,2014,0
3,MERLUZA COMUN,2014,0
3,CAMARON NAILON,2014,0
3,LANGOSTINO COLORADO,2014,0
3,MERLUZA COMUN,2014,0
3,ANCHOVETA,2014,0
3,BACALAO DE PROFUNDIDAD,2014,0
3,CAMARON NAILON,2014,0
3,JUREL,2014,0
3,LANGOSTINO AMARILLO,2014,0
3,LANGOSTINO COLORADO,2014,0
3,MERLUZA COMUN,2014,0
4,ALBACORA O PEZ ESPADA,2014,0
4,ANCHOVETA,2014,0
4,BACALAO DE PROFUNDIDAD,2014,0
4,CAMARON NAILON,2014,185
4,CONGRIO DORADO,2014,0
4,JUREL,2014,1453
4,LANGOSTINO AMARILLO,2014,820
4,LANGOSTINO COLORADO,2014,96
4,MERLUZA COMUN,2014,2
4,SARDINA COMUN,2014,0
4,ANCHOVETA,2014,0
4,CAMARON NAILON,2014,7
4,LANGOSTINO AMARILLO,2014,213
4,LANGOSTINO COLORADO,2014,16
4,MERLUZA COMUN,2014,0
5,CAMARON NAILON,2014,1667
5,CONGRIO DORADO,2014,0
5,LANGOSTINO AMARILLO,2014,506
5,LANGOSTINO COLORADO,2014,526
5,MERLUZA COMUN,2014,1
5,RAYA VOLANTIN,2014,0
5,ALBACORA O PEZ ESPADA,2014,0
5,ANCHOVETA,2014,0
5,BACALAO DE PROFUNDIDAD,2014,0
5,CAMARON NAILON,2014,694
5,CONGRIO DORADO,2014,0
5,JUREL,2014,0
5,LANGOSTINO AMARILLO,2014,451
5,LANGOSTINO COLORADO,2014,1077
5,MERLUZA COMUN,2014,1359
5,MERLUZA DE COLA,2014,0
5,MERLUZA DEL SUR O AUSTRAL,2014,0
5,RAYA VOLANTIN,2014,0
5,SARDINA COMUN,2014,0
5,ALBACORA O PEZ ESPADA,2014,0
5,ANCHOVETA,2014,0
5,BACALAO DE PROFUNDIDAD,2014,0
5,CAMARON NAILON,2014,0
5,CONGRIO DORADO,2014,0
5,LANGOSTINO AMARILLO,2014,0
5,LANGOSTINO COLORADO,2014,0
5,MERLUZA COMUN,2014,0
5,MERLUZA DE COLA,2014,0
5,RAYA VOLANTIN,2014,0
7,ALBACORA O PEZ ESPADA,2014,0
7,BACALAO DE PROFUNDIDAD,2014,0
7,CONGRIO DORADO,2014,0
7,MERLUZA COMUN,2014,0
7,RAYA VOLANTIN,2014,0
8,ANCHOVETA,2014,3714
8,JUREL,2014,156514
8,MERLUZA COMUN,2014,0
8,MERLUZA DE COLA,2014,0
8,MERLUZA DE TRES ALETAS,2014,0
8,MERLUZA DEL SUR O AUSTRAL,2014,0
8,SARDINA COMUN,2014,41051
8,MERLUZA COMUN,2014,0
8,MERLUZA DE COLA,2014,0
8,ANCHOVETA,2014,144
8,JUREL,2014,2243
8,MERLUZA DE COLA,2014,0
8,SARDINA COMUN,2014,7481
8,ALBACORA O PEZ ESPADA,2014,0
8,ANCHOVETA,2014,637
8,BACALAO DE PROFUNDIDAD,2014,0
8,CAMARON NAILON,2014,0
8,CONGRIO DORADO,2014,0
8,JUREL,2014,71675
8,LANGOSTINO COLORADO,2014,0
8,MERLUZA COMUN,2014,8417
8,MERLUZA DE COLA,2014,4500
8,MERLUZA DEL SUR O AUSTRAL,2014,1
8,RAYA VOLANTIN,2014,0
8,SARDINA COMUN,2014,22123
8,ALBACORA O PEZ ESPADA,2014,0
8,ANCHOVETA,2014,0
8,BACALAO DE PROFUNDIDAD,2014,0
8,CAMARON NAILON,2014,958
8,CONGRIO DORADO,2014,0
8,JUREL,2014,0
8,LANGOSTINO AMARILLO,2014,17
8,LANGOSTINO COLORADO,2014,80
8,MERLUZA COMUN,2014,1108
8,MERLUZA DE COLA,2014,417
8,MERLUZA DE TRES ALETAS,2014,0
8,MERLUZA DEL SUR O AUSTRAL,2014,136
8,RAYA VOLANTIN,2014,0
8,SARDINA COMUN,2014,0
8,ANCHOVETA,2014,0
8,CAMARON NAILON,2014,0
8,CONGRIO DORADO,2014,0
8,JUREL,2014,0
8,LANGOSTINO AMARILLO,2014,107
8,LANGOSTINO COLORADO,2014,5914
8,MERLUZA COMUN,2014,2
8,MERLUZA DE COLA,2014,0
8,MERLUZA DEL SUR O AUSTRAL,2014,0
8,RAYA VOLANTIN,2014,0
8,SARDINA COMUN,2014,0
14,ANCHOVETA,2014,73
14,JUREL,2014,0
14,MERLUZA COMUN,2014,0
14,MERLUZA DE COLA,2014,0
14,MERLUZA DE TRES ALETAS,2014,0
14,MERLUZA DEL SUR O AUSTRAL,2014,0
14,RAYA VOLANTIN,2014,0
14,SARDINA COMUN,2014,4552
14,ANCHOVETA,2014,0
14,BACALAO DE PROFUNDIDAD,2014,0
14,JUREL,2014,0
14,MERLUZA COMUN,2014,0
14,MERLUZA DE COLA,2014,0
14,MERLUZA DEL SUR O AUSTRAL,2014,0
14,RAYA VOLANTIN,2014,0
14,SARDINA COMUN,2014,0
10,ANCHOVETA,2014,0
10,BACALAO DE PROFUNDIDAD,2014,0
10,CAMARON NAILON,2014,0
10,JUREL,2014,0
10,MERLUZA DE COLA,2014,0
10,MERLUZA DEL SUR O AUSTRAL,2014,0
10,ANCHOVETA,2014,0
10,MERLUZA DE COLA,2014,0
10,SARDINA COMUN,2014,0
10,ANCHOVETA,2014,0
10,BACALAO DE PROFUNDIDAD,2014,0
10,CONGRIO DORADO,2014,0
10,JUREL,2014,0
10,MERLUZA COMUN,2014,0
10,MERLUZA DE COLA,2014,0
10,MERLUZA DE TRES ALETAS,2014,0
10,MERLUZA DEL SUR O AUSTRAL,2014,0
10,RAYA VOLANTIN,2014,0
10,BACALAO DE PROFUNDIDAD,2014,0
10,CONGRIO DORADO,2014,0
10,MERLUZA COMUN,2014,0
10,MERLUZA DE COLA,2014,0
10,MERLUZA DEL SUR O AUSTRAL,2014,0
10,RAYA VOLANTIN,2014,0
11,BACALAO DE PROFUNDIDAD,2014,0
11,CONGRIO DORADO,2014,0
11,MERLUZA COMUN,2014,0
11,MERLUZA DE COLA,2014,0
11,MERLUZA DE TRES ALETAS,2014,0
11,MERLUZA DEL SUR O AUSTRAL,2014,0
11,RAYA VOLANTIN,2014,0
11,CONGRIO DORADO,2014,62
11,MERLUZA COMUN,2014,0
11,MERLUZA DE COLA,2014,11839
11,MERLUZA DE TRES ALETAS,2014,1127
11,MERLUZA DEL SUR O AUSTRAL,2014,2861
11,RAYA VOLANTIN,2014,0
12,BACALAO DE PROFUNDIDAD,2014,0
12,BACALAO DE PROFUNDIDAD,2014,0
12,BACALAO DE PROFUNDIDAD,2014,0
12,CONGRIO DORADO,2014,0
12,MERLUZA DEL SUR O AUSTRAL,2014,0
