rgn_id,port,stock,2000,2001,2002,2003,2004,2005,2006,2007,2008,2009,2010,2011,2012,2013,2014
15,ARICA,AGUJILLA,0,0,0,0,0,0,0,87,432,165,35,125,413,24,4
15,ARICA,ANCHOVETA,0,0,0,0,0,0,0,126514,118932,88687,27060,232336,155817,102952,146283
15,ARICA,BACALADILLO O MOTE,0,0,0,0,0,0,0,0,0,502,0,421,101,13,0
15,ARICA,BONITO,0,0,0,0,0,0,0,0,0,0,0,0,0,0,1
15,ARICA,CABALLA,0,0,0,0,0,0,0,18592,9387,8121,983,161,271,1241,360
15,ARICA,CALAMAR,0,0,0,0,0,0,0,6,1,0,0,0,0,0,0
15,ARICA,JIBIA O CALAMAR ROJO,0,0,0,0,0,0,0,59,118,7,3,66,4,1,5
15,ARICA,JUREL,0,0,0,0,0,0,0,33334,14363,4497,1065,616,494,3928,1045
15,ARICA,LANGOSTINO ENANO,0,0,0,0,0,0,0,2,1,37,114,65,58,0,44
15,ARICA,PEJERREY DE MAR,0,0,0,0,0,0,0,22,12,1,0,1,2,3,0
15,ARICA,AGUJILLA,0,0,244,2395,364,233,54,0,0,0,0,0,0,0,0
15,ARICA,ANCHOVETA,341095,121787,224272,53282,348047,193801,57724,0,0,0,0,0,0,0,0
15,ARICA,BACALADILLO O MOTE,0,15,502,40,54,1,0,0,0,0,0,0,0,0,0
15,ARICA,BACALAO DE PROFUNDIDAD,11,1,0,0,0,0,0,0,0,0,0,0,0,0,0
15,ARICA,CABALLA,2008,16102,34045,79920,18129,7879,40390,0,0,0,0,0,0,0,0
15,ARICA,CABINZA,0,0,0,2,0,0,0,0,0,0,0,0,0,0,0
15,ARICA,JIBIA O CALAMAR ROJO,0,0,9,10,506,364,17,0,0,0,0,0,0,0,0
15,ARICA,JUREL,8682,11908,13945,29185,9981,24634,41624,0,0,0,0,0,0,0,0
15,ARICA,LANGOSTINO ENANO,0,0,17,24,40,13,0,0,0,0,0,0,0,0,0
15,ARICA,MACHUELO O TRITRE,0,0,6,1,0,0,0,0,0,0,0,0,0,0,0
15,ARICA,PAMPANITO,0,0,0,1,3,4,0,0,0,0,0,0,0,0,0
15,ARICA,PEJERREY DE MAR,0,0,18,5,38,2,4,0,0,0,0,0,0,0,0
15,ARICA,PESCADO NO CLASIFICADO,0,0,1,15,1,1,0,0,0,0,0,0,0,0,0
15,ARICA,RONCACHO,0,0,1,11,1,0,0,0,0,0,0,0,0,0,0
15,ARICA,SARDINA ESPA헲LA,2353,83,0,0,138,1,0,0,0,0,0,0,0,0,0
1,IQUIQUE,AGUJILLA,116,1163,1083,7583,760,284,546,372,626,5778,6665,3893,11871,7796,369
1,IQUIQUE,ALBACORA O PEZ ESPADA,0,0,0,0,0,0,0,7,13,11,10,0,0,0,0
1,IQUIQUE,ANCHOVETA,557573,328945,744391,183998,717098,576947,292425,450268,360385,219809,276640,550232,416684,391508,381329
1,IQUIQUE,BACALADILLO O MOTE,0,0,195,0,1814,345,2464,30,136,167,207,2184,2621,534,11
1,IQUIQUE,BACALAO DE PROFUNDIDAD,0,7,2,0,0,0,0,0,0,0,0,0,0,0,0
1,IQUIQUE,BARRILETE NEGRO,0,0,0,13,27,22,0,0,0,0,0,0,0,0,0
1,IQUIQUE,BONITO,0,2,0,0,0,0,0,0,0,0,0,0,15,0,0
1,IQUIQUE,CABALLA,45370,98547,92147,189135,104536,33599,74865,29909,34735,59502,19505,3326,10794,5514,4645
1,IQUIQUE,CABINZA,0,1,0,0,0,0,0,0,0,0,0,0,0,0,0
1,IQUIQUE,CACHURRETA,0,57,1,2,0,0,0,0,0,0,0,0,0,0,0
1,IQUIQUE,CALAMAR,0,0,0,0,0,0,0,0,0,0,3,0,0,0,0
1,IQUIQUE,CAMARON NAILON,11,0,0,0,0,0,0,0,0,0,0,0,0,0,0
1,IQUIQUE,CENTOLLA DEL NORTE,22,0,0,0,0,0,0,0,0,0,0,0,0,0,0
1,IQUIQUE,CRUSTACEO NO CLASIFICADO,74,0,0,0,0,0,0,0,0,0,0,0,0,0,0
1,IQUIQUE,JIBIA O CALAMAR ROJO,0,216,636,323,678,916,162,270,522,133,285,414,172,28,68
1,IQUIQUE,JUREL,70365,176810,53127,74591,69905,96188,95568,110374,115728,105129,83580,19003,10650,8516,13383
1,IQUIQUE,JUREL FINO,0,0,1,0,0,0,0,0,0,0,0,0,0,0,0
1,IQUIQUE,LANGOSTINO COLORADO,0,39,0,0,0,0,0,0,0,0,0,0,0,0,0
1,IQUIQUE,LANGOSTINO ENANO,0,0,707,148,387,94,2,10,138,257,1229,338,9,26,131
1,IQUIQUE,MACHUELO O TRITRE,26,0,0,0,0,0,0,0,0,0,0,0,0,0,0
1,IQUIQUE,MOLUSCO NO CLASIFICADO,0,0,0,0,0,0,0,1,0,0,0,0,0,0,0
1,IQUIQUE,PAMPANITO,0,2,0,1,6,18,0,0,26,16,1,0,2,0,0
1,IQUIQUE,PEJERREY DE MAR,0,39,935,408,450,51,420,526,290,86,23,62,309,24,18
1,IQUIQUE,PESCADO NO CLASIFICADO,0,0,0,20,0,0,1,0,0,2,0,0,0,0,0
1,IQUIQUE,SARDINA COMUN,0,1,0,0,0,0,0,0,0,0,0,0,0,0,0
1,IQUIQUE,SARDINA ESPA헲LA,18924,6193,506,82,85,3,17,0,0,0,1,0,0,0,0
1,IQUIQUE,SARDINA REDONDA,0,0,1,0,0,0,0,0,0,0,0,0,0,0,0
1,IQUIQUE,TOLLO,0,0,0,0,0,0,0,0,0,1,0,0,0,0,0
2,ANTOFAGASTA,ALBACORA O PEZ ESPADA,0,0,0,0,0,0,0,63,10,6,61,6,44,75,0
2,ANTOFAGASTA,ALBACORA O PEZ ESPADA / IVI HEHEU,0,0,0,0,0,0,0,0,0,0,0,0,0,0,16
2,ANTOFAGASTA,ANCHOVETA,0,0,0,0,0,0,0,0,0,0,0,0,0,0,659
2,ANTOFAGASTA,BACALAO DE PROFUNDIDAD,0,0,3,2,1,2,0,0,0,0,0,0,0,0,0
2,ANTOFAGASTA,CENTOLLA DEL NORTE,0,0,0,0,4,2,0,0,0,0,0,0,0,0,0
2,ANTOFAGASTA,CENTOLLON DEL NORTE,0,0,0,21,11,18,0,0,0,0,0,0,0,0,0
2,ANTOFAGASTA,MARLIN,0,0,0,0,0,0,0,0,0,0,1,0,0,2,0
2,ANTOFAGASTA,TIBURON O MARRAJO,0,0,0,0,0,0,0,0,0,0,2,1,0,1,0
2,ANTOFAGASTA,TIBURON O MARRAJO DENTUDO,0,0,0,0,0,0,0,0,0,0,0,0,0,0,1
2,MEJILLONES,AGUJILLA,31,141,78,74,78,100,9,46,5,3,19,105,93,269,22
2,MEJILLONES,ANCHOVETA,143310,99831,73774,33205,44676,39971,34135,24878,6018,17844,38192,50289,45909,91662,54148
2,MEJILLONES,ANCHOVETA BLANCA,6,0,0,0,0,0,0,0,0,0,0,0,0,0,0
2,MEJILLONES,ANGUILA,0,0,0,0,0,0,0,0,0,0,0,0,1,0,0
2,MEJILLONES,BACALADILLO O MOTE,132,16,0,0,0,0,90,0,0,0,0,65,2,0,0
2,MEJILLONES,CABALLA,9909,16707,13930,8007,8673,2198,1826,3987,4161,5086,4929,473,163,780,435
2,MEJILLONES,CALAMAR,0,0,0,1,0,0,0,0,0,0,0,0,0,0,0
2,MEJILLONES,JIBIA O CALAMAR ROJO,0,2,84,85,136,310,24,93,13,34,0,156,8,27,12
2,MEJILLONES,JUREL,20275,34612,23399,15873,38592,17351,4413,14662,21625,15581,46324,5502,723,3792,2183
2,MEJILLONES,LANGOSTINO ENANO,0,0,0,0,0,0,0,0,0,0,9,0,0,0,0
2,MEJILLONES,PAMPANITO,0,0,0,0,0,0,1,0,0,0,0,0,0,0,0
2,MEJILLONES,PEJERREY DE MAR,0,1,26,23,47,2,88,15,2,24,0,2,0,0,2
2,MEJILLONES,PESCADO NO CLASIFICADO,0,0,0,16,21,6,10,0,0,0,0,47,20,13,135
2,MEJILLONES,SARDINA COMUN,35,7,0,0,0,0,0,0,0,0,0,0,0,0,0
2,MEJILLONES,SARDINA ESPA헲LA,4942,3385,555,7,0,0,0,0,0,0,0,0,0,0,0
2,TALTAL,CAMARON NAILON,7,1,0,0,0,0,0,0,0,0,0,0,0,0,0
2,TALTAL,MERLUZA COMUN,1,0,0,0,0,0,0,0,0,0,0,0,0,0,0
2,TALTAL,TIBURON O MARRAJO,0,0,0,0,0,0,0,1,0,0,0,0,0,0,0
2,TOCOPILLA,AGUJILLA,0,170,80,265,206,128,18,27,29,33,294,554,594,0,0
2,TOCOPILLA,ANCHOVETA,109358,54120,73133,56335,124469,93338,44104,37953,48996,40782,45094,62287,12623,0,0
2,TOCOPILLA,BACALADILLO O MOTE,0,0,0,0,19,207,1033,0,0,0,347,284,0,0,0
2,TOCOPILLA,BONITO,0,0,0,0,0,0,0,0,0,0,1,0,0,0,0
2,TOCOPILLA,CABALLA,7419,11414,12560,29969,25753,3424,2526,2023,1025,1021,6180,612,258,0,0
2,TOCOPILLA,JIBIA O CALAMAR ROJO,0,38,19,146,413,265,29,112,102,37,118,117,14,0,0
2,TOCOPILLA,JUREL,17822,24434,17562,22394,37857,24695,12089,14217,15064,8615,37899,5475,1236,0,0
2,TOCOPILLA,LANGOSTINO ENANO,0,0,0,37,71,3,0,0,0,1,31,40,0,0,0
2,TOCOPILLA,MOLUSCO NO CLASIFICADO,0,0,0,0,0,0,0,0,14,0,0,0,0,0,0
2,TOCOPILLA,PAMPANITO,0,0,0,0,0,0,0,0,0,1,0,0,0,0,0
2,TOCOPILLA,PEJERREY DE MAR,0,5,26,105,166,14,114,34,131,21,9,7,50,0,0
2,TOCOPILLA,PESCADO NO CLASIFICADO,0,0,0,7,248,117,25,0,0,0,739,100,0,0,0
2,TOCOPILLA,SARDINA ESPA헲LA,1227,1041,183,13,0,0,0,0,0,0,0,0,0,0,0
3,CALDERA,ALBACORA O PEZ ESPADA,3,15,2,8,5,4,0,25,0,0,4,5,0,0,0
3,CALDERA,ANCHOVETA,21778,5558,195,13912,7557,0,0,0,0,0,0,0,0,0,0
3,CALDERA,ATUN ALETA AMARILLA,0,0,0,4,0,0,0,0,0,0,0,0,0,0,0
3,CALDERA,ATUN ALETA LARGA,1,0,0,0,0,0,0,0,0,0,0,0,0,0,0
3,CALDERA,AZULEJO,0,0,0,0,0,0,0,0,1,0,0,0,0,0,0
3,CALDERA,BACALAO DE PROFUNDIDAD,2,1,5,0,0,0,0,0,0,0,0,0,0,0,0
3,CALDERA,BESUGO,1,0,0,0,0,1,0,3,0,0,0,0,0,0,0
3,CALDERA,CABALLA,1623,322,200,0,0,0,0,0,132,18,167,7,0,0,0
3,CALDERA,CAMARON NAILON,1959,312,0,216,176,74,45,143,0,0,0,0,0,0,0
3,CALDERA,CENTOLLA,0,0,1,0,0,0,0,0,0,0,0,0,0,0,0
3,CALDERA,CENTOLLA DEL NORTE,143,59,68,0,0,0,0,0,0,0,0,0,0,0,0
3,CALDERA,CENTOLLON DEL NORTE,0,0,1,0,0,0,0,0,0,0,0,0,0,0,0
3,CALDERA,JIBIA O CALAMAR ROJO,0,0,0,20,144,0,0,0,30,0,0,0,17,0,0
3,CALDERA,JUREL,3678,855,518,0,0,0,0,0,2755,50,423,68,0,0,0
3,CALDERA,LANGOSTA ENANA,2,0,0,0,0,0,0,0,0,0,0,0,0,0,0
3,CALDERA,LANGOSTINO AMARILLO,48,29,1,1,1,3,1,2,0,0,0,0,0,0,0
3,CALDERA,LANGOSTINO COLORADO,1382,378,190,146,16,24,24,83,0,0,0,0,0,0,0
3,CALDERA,MERLUZA COMUN,1,19,4,6,4,3,2,9,0,0,0,0,0,0,0
3,CALDERA,PESCADO NO CLASIFICADO,0,0,0,1,0,0,1,0,0,0,0,0,0,0,0
3,CALDERA,SARDINA ESPA헲LA,1191,616,19,0,0,0,0,0,0,0,0,0,0,0,0
3,CALDERA,TIBURON O MARRAJO,1,6,1,1,4,8,2,4,6,7,10,0,0,0,0
3,CALDERA,VINCIGUERRIA,0,0,0,0,0,0,0,0,0,0,0,0,61,0,0
3,CHA헤RAL,CAMARON NAILON,0,0,28,0,0,0,0,0,0,0,0,0,0,0,0
3,CHA헤RAL,CENTOLLA DEL NORTE,4,1,0,0,0,0,0,0,0,0,0,0,0,0,0
3,CHA헤RAL,JIBIA O CALAMAR ROJO,0,0,1,0,0,0,0,0,0,0,0,0,0,0,0
3,CHA헤RAL,LANGOSTINO COLORADO,0,0,313,0,0,0,0,0,0,0,0,0,0,0,0
3,CHA헤RAL,MERLUZA COMUN,0,0,7,0,0,0,0,0,0,0,0,0,0,0,0
3,HUASCO,ANCHOVETA,0,0,0,0,0,0,0,0,14,0,0,0,0,0,0
3,HUASCO,BACALAO DE PROFUNDIDAD,0,0,1,0,0,0,0,0,0,0,0,0,0,0,0
3,HUASCO,BESUGO,0,0,3,0,1,0,0,1,1,0,0,0,0,0,0
3,HUASCO,CAMARON NAILON,168,102,98,125,72,21,14,102,79,58,6,10,0,0,0
3,HUASCO,JIBIA O CALAMAR ROJO,0,0,0,1,0,0,0,0,0,0,0,0,0,0,0
3,HUASCO,JUREL,0,0,0,0,0,0,0,0,3,0,0,0,0,0,0
3,HUASCO,LANGOSTINO AMARILLO,973,396,0,96,143,75,195,27,55,59,44,0,14,0,0
3,HUASCO,LANGOSTINO COLORADO,28,0,40,0,0,6,54,192,54,2,2,0,0,0,0
3,HUASCO,MERLUZA COMUN,4,12,4,2,7,4,10,10,7,4,0,0,0,0,0
4,COQUIMBO,ALBACORA O PEZ ESPADA,561,1089,122,10,30,52,0,5,162,84,9,35,26,34,0
4,COQUIMBO,ALBACORA O PEZ ESPADA / IVI HEHEU,0,0,0,0,0,0,0,0,0,0,0,0,0,0,33
4,COQUIMBO,ALFONSINO,0,0,0,0,0,0,0,0,15,0,0,2,0,0,0
4,COQUIMBO,ANCHOVETA,14290,12,7,13774,18953,10940,11307,6706,4261,6663,6700,3349,0,0,0
4,COQUIMBO,ATUN ALETA AMARILLA,1,2,2,0,0,0,2,0,3,0,0,0,0,0,0
4,COQUIMBO,ATUN OJOS GRANDES,6,5,1,2,0,1,0,0,1,0,0,0,0,0,0
4,COQUIMBO,AZULEJO,25,235,58,2,7,5,0,0,48,18,1,1,0,0,18
4,COQUIMBO,BACALADILLO O MOTE,0,0,0,0,0,0,0,0,0,0,0,394,0,0,0
4,COQUIMBO,BACALAO DE PROFUNDIDAD,0,0,1,0,0,0,0,0,0,0,0,0,0,0,0
4,COQUIMBO,"BACALAO I.PASCUA,ATUN ESCOFINA/KONSO",0,0,0,0,0,0,0,0,0,0,0,0,0,0,1
4,COQUIMBO,BESUGO,0,3,19,9,26,29,3,127,10,9,1,0,0,0,0
4,COQUIMBO,CABALLA,2478,999,2530,1824,1151,24,1395,101,1641,2038,1714,466,266,798,15
4,COQUIMBO,CAMARON NAILON,1192,2170,1792,762,897,941,742,659,998,1086,738,457,495,231,185
4,COQUIMBO,CENTOLLA DEL NORTE,2,0,0,0,6,0,0,1,0,0,0,0,0,0,0
4,COQUIMBO,CONGRIO DORADO,0,0,1,0,0,0,0,0,0,0,0,0,0,0,0
4,COQUIMBO,GAMBA,0,1,0,5,8,2,1,0,5,3,1,0,0,0,0
4,COQUIMBO,JIBIA O CALAMAR ROJO,0,1,0,0,48,69,0,2,38,11,95,156,28,24,0
4,COQUIMBO,JUREL,32926,16851,7725,6106,2356,311,3488,2192,22362,22820,24358,27536,29749,22753,1453
4,COQUIMBO,JUREL FINO,0,0,0,0,0,0,0,0,81,0,0,0,0,0,0
4,COQUIMBO,KONSO,0,0,0,0,0,0,0,0,3,0,0,0,0,0,0
4,COQUIMBO,LANGOSTINO AMARILLO,1965,927,389,1261,655,1019,639,456,678,407,488,553,704,172,820
4,COQUIMBO,LANGOSTINO COLORADO,301,570,643,701,650,657,537,640,578,367,375,72,96,96,96
4,COQUIMBO,MACHUELO O TRITRE,136,0,0,0,0,0,0,0,0,0,0,0,0,0,0
4,COQUIMBO,MARLIN,0,0,4,0,0,0,0,0,1,0,0,0,1,0,1
4,COQUIMBO,MERLUZA COMUN,1,129,50,42,76,77,67,55,84,61,48,31,26,3,2
4,COQUIMBO,PALOMETA,0,2,0,0,0,0,0,0,0,0,0,0,0,0,0
4,COQUIMBO,PESCADO NO CLASIFICADO,0,6,1,0,1,1,0,0,0,0,0,0,19,33,1
4,COQUIMBO,PEZ SOL,0,0,0,0,0,0,0,0,4,3,0,0,0,0,1
4,COQUIMBO,SARDINA COMUN,14,0,0,0,0,0,17,0,0,0,1175,520,0,0,0
4,COQUIMBO,SARDINA ESPA헲LA,237,14,5,67,1,0,0,0,0,0,0,0,0,0,0
4,COQUIMBO,SIERRA,0,0,0,0,0,0,0,0,0,0,0,2,2,10,0
4,COQUIMBO,TIBURON O MARRAJO,55,121,20,0,5,7,0,4,26,9,1,0,1,3,0
4,COQUIMBO,TIBURON O MARRAJO DENTUDO,0,0,0,0,0,0,0,0,0,0,0,0,0,0,4
4,COQUIMBO,VIDRIOLA O TOREMO,12,75,5,1,1,0,0,0,0,0,0,0,0,0,0
4,COQUIMBO,"VIDRIOLA, PALOMETA, DORADO O TOREMO",0,0,0,0,0,0,0,0,3,0,0,0,0,0,0
4,LOS VILOS,ANCHOVETA,0,0,0,0,271,0,0,0,0,0,54,0,0,0,0
4,LOS VILOS,CAMARON NAILON,0,1,0,0,28,77,28,15,19,2,40,3,38,28,7
4,LOS VILOS,LANGOSTINO AMARILLO,39,0,3,0,482,773,1197,1326,1373,1379,1522,1173,1243,864,213
4,LOS VILOS,LANGOSTINO COLORADO,0,0,0,0,2,0,0,0,0,0,0,405,1138,838,16
4,LOS VILOS,MERLUZA COMUN,0,0,0,0,0,43,39,104,37,21,39,36,46,5,0
5,QUINTERO,BESUGO,0,0,0,25,8,1,1,0,6,5,3,1,0,0,0
5,QUINTERO,CAMARON NAILON,723,1223,1097,1009,882,1387,1392,1351,1432,1414,1353,1417,1421,1342,1667
5,QUINTERO,CAMARON NAVAJA,0,0,0,0,49,0,0,0,0,0,0,0,0,0,0
5,QUINTERO,CONGRIO DORADO,0,0,1,2,6,0,0,0,0,0,0,0,0,0,0
5,QUINTERO,CONGRIO NEGRO,0,2,0,0,0,0,0,1,0,0,0,0,0,0,0
5,QUINTERO,GAMBA,17,125,300,259,95,112,7,33,80,46,32,21,47,54,66
5,QUINTERO,JIBIA O CALAMAR ROJO,0,0,0,0,0,0,8,0,0,0,0,0,0,0,0
5,QUINTERO,LANGOSTINO AMARILLO,304,164,42,172,107,118,133,169,115,157,69,122,99,85,506
5,QUINTERO,LANGOSTINO COLORADO,0,0,0,0,0,0,1,0,0,0,0,0,0,0,526
5,QUINTERO,MERLUZA COMUN,289,48,57,31,5,21,20,33,51,59,52,72,48,17,1
5,QUINTERO,RAYA ESPINOSA,0,0,0,0,0,0,10,0,2,0,0,0,0,0,0
5,QUINTERO,RAYA MOTEADA,0,0,0,0,0,0,4,0,0,0,0,0,0,0,0
5,QUINTERO,RAYA NEGRA,0,0,0,0,0,0,22,60,42,0,0,0,0,0,0
5,QUINTERO,RAYA VOLANTIN,0,0,3,539,350,165,102,1,0,17,29,0,5,0,0
5,SAN ANTONIO,AGUJILLA,5,0,0,0,0,0,0,20,0,0,0,0,0,0,0
5,SAN ANTONIO,ALBACORA O PEZ ESPADA,14,7,28,18,18,23,25,15,61,84,22,60,51,0,0
5,SAN ANTONIO,ALBACORA O PEZ ESPADA / IVI HEHEU,0,0,0,0,0,0,0,0,0,0,0,0,0,0,58
5,SAN ANTONIO,ANCHOVETA,21388,0,669,1298,3951,7016,5746,1869,46,1462,203,228,0,0,0
5,SAN ANTONIO,ATUN ALETA AMARILLA,0,0,0,0,0,0,0,0,1,1,0,0,0,0,0
5,SAN ANTONIO,AZULEJO,0,0,0,0,0,0,0,0,0,0,0,2,0,0,0
5,SAN ANTONIO,BACALADILLO O MOTE,0,0,0,0,0,0,0,0,0,0,0,0,0,0,20
5,SAN ANTONIO,BACALAO DE PROFUNDIDAD,18,6,5,0,3,2,1,0,0,0,0,0,0,0,0
5,SAN ANTONIO,BESUGO,11,8,0,17,1,2,2,0,2,3,2,0,0,0,0
5,SAN ANTONIO,BLANQUILLO,15,0,0,1,5,1,0,2,2,0,0,1,5,8,2
5,SAN ANTONIO,CABALLA,59,0,0,0,73,22,0,23,5,95,42,117,0,0,0
5,SAN ANTONIO,CAMARON NAILON,3,0,5,154,194,287,246,129,317,393,463,440,645,459,694
5,SAN ANTONIO,COJINOBA DEL NORTE,1,0,0,0,0,0,0,0,0,0,0,0,0,0,0
5,SAN ANTONIO,COJINOBA DEL SUR,0,0,0,0,0,0,0,2,0,0,0,0,0,0,0
5,SAN ANTONIO,CONGRIO DORADO,1,0,0,0,6,0,0,0,0,0,0,0,0,0,0
5,SAN ANTONIO,CONGRIO NEGRO,25,2,15,18,14,9,29,3,12,27,5,3,3,6,4
5,SAN ANTONIO,GAMBA,0,0,2,59,2,6,1,9,2,8,4,3,17,10,0
5,SAN ANTONIO,JIBIA O CALAMAR ROJO,0,1,0,3,427,359,136,10,1,26,95,21,0,0,2
5,SAN ANTONIO,JUREL,1770,0,0,0,0,619,2,152,137,920,439,466,0,0,0
5,SAN ANTONIO,LANGOSTINO AMARILLO,89,0,0,0,13,53,757,784,2086,1788,1370,986,974,620,451
5,SAN ANTONIO,LANGOSTINO COLORADO,141,0,0,0,0,0,2,18,57,142,146,935,812,1743,1077
5,SAN ANTONIO,MERLUZA COMUN,10676,15179,11950,12735,6621,2312,3259,5421,2090,1097,938,1206,1786,2374,1359
5,SAN ANTONIO,MERLUZA DE COLA,1,0,0,0,0,0,0,0,0,0,2027,0,0,0,0
5,SAN ANTONIO,MERLUZA DEL SUR O AUSTRAL,0,0,0,0,28,0,0,0,0,0,0,0,0,0,0
5,SAN ANTONIO,PEJEGALLO,31,2,15,14,18,6,11,7,8,5,1,1,0,2,6
5,SAN ANTONIO,PEJEZORRO,0,0,0,0,0,0,0,0,0,0,0,0,1,0,0
5,SAN ANTONIO,PESCADO NO CLASIFICADO,2,0,0,0,7,2,6,6,1,2,3,2,2,3,0
5,SAN ANTONIO,PEZ SOL,0,0,0,0,0,0,0,0,0,0,0,1,0,0,0
5,SAN ANTONIO,PICHIBUENO,0,0,0,0,0,0,0,0,0,0,0,0,0,0,7
5,SAN ANTONIO,RAYA VOLANTIN,0,0,0,8,37,0,0,0,0,0,0,0,2,0,0
5,SAN ANTONIO,REINETA,17,0,0,0,0,0,0,0,0,0,0,0,0,0,0
5,SAN ANTONIO,SARDINA COMUN,6542,0,186,21,2555,272,2010,343,12,2356,1646,1230,0,0,0
5,SAN ANTONIO,SARDINA ESPA헲LA,9,0,0,0,7,32,5,0,0,0,0,0,0,0,0
5,SAN ANTONIO,SIERRA,0,0,0,0,0,0,0,0,1,2,0,0,0,0,0
5,SAN ANTONIO,TIBURON O MARRAJO,0,2,0,1,5,0,2,1,3,8,2,5,7,0,0
5,SAN ANTONIO,TOLLO,0,0,7,0,0,0,0,0,0,2,0,0,0,0,1
5,VALPARAISO,ALBACORA O PEZ ESPADA,206,33,58,57,6,42,26,0,29,28,4,0,0,0,0
5,VALPARAISO,ALFONSINO,0,0,0,5,0,5,0,0,0,0,0,0,0,0,0
5,VALPARAISO,ANCHOVETA,0,111,0,0,0,0,0,0,0,0,0,0,0,0,0
5,VALPARAISO,ATUN OJOS GRANDES,3,0,0,0,0,1,2,0,0,0,0,0,0,0,0
5,VALPARAISO,AZULEJO,2,12,14,6,0,0,0,1,21,6,0,0,0,0,0
5,VALPARAISO,BACALAO DE PROFUNDIDAD,3,5,10,1,7,3,5,0,0,0,0,0,0,0,0
5,VALPARAISO,BESUGO,105,38,0,18,38,1094,365,5,1,0,2,0,0,0,0
5,VALPARAISO,BONITO,0,0,0,1,0,0,0,0,0,0,0,0,0,0,0
5,VALPARAISO,CAMARON NAILON,31,47,49,318,385,189,268,357,338,183,297,303,150,235,0
5,VALPARAISO,CANGREJO DORADO DE J. FERNANDEZ,0,0,0,0,8,0,0,0,0,0,0,0,0,0,0
5,VALPARAISO,CONGRIO DORADO,11,0,0,2,2,0,0,0,0,0,0,0,0,0,0
5,VALPARAISO,CONGRIO NEGRO,0,0,0,15,4,0,0,0,0,0,0,0,0,0,0
5,VALPARAISO,GAMBA,0,1,19,189,26,62,124,84,0,0,1,0,1,0,0
5,VALPARAISO,JIBIA O CALAMAR ROJO,0,0,2,2,5,9,4,0,0,0,14,3,0,0,0
5,VALPARAISO,LANGOSTINO AMARILLO,162,5,130,0,14,2,200,390,200,364,196,592,102,117,0
5,VALPARAISO,LANGOSTINO COLORADO,46,0,0,0,0,0,0,0,0,16,93,140,218,351,0
5,VALPARAISO,MERLUZA COMUN,8422,2905,585,2272,2532,447,428,238,250,223,441,221,156,33,0
5,VALPARAISO,MERLUZA DE COLA,10,0,0,0,1,0,1,0,0,0,0,0,0,0,0
5,VALPARAISO,ORANGE ROUGHY,0,0,0,24,0,0,0,0,0,0,0,0,0,0,0
5,VALPARAISO,PEJEGALLO,0,0,0,2,9,0,0,0,0,0,0,0,0,0,0
5,VALPARAISO,PESCADO NO CLASIFICADO,3,2,2,1,0,1,2,0,0,0,0,0,0,0,0
5,VALPARAISO,PULPO,0,0,0,0,3,0,0,0,0,0,0,0,0,0,0
5,VALPARAISO,RAYA ESPINOSA,0,0,0,0,0,0,0,1,0,0,0,0,0,0,0
5,VALPARAISO,RAYA NEGRA,0,0,0,0,0,0,0,0,0,36,0,0,34,0,0
5,VALPARAISO,RAYA VOLANTIN,0,0,1,143,81,18,2,30,0,0,0,0,0,0,0
5,VALPARAISO,REINETA,0,96,2,0,0,0,0,0,0,0,0,0,0,0,0
5,VALPARAISO,SIERRA,0,0,0,0,1,0,0,0,0,0,0,0,0,0,0
5,VALPARAISO,TIBURON O MARRAJO,6,11,9,0,1,3,1,4,3,7,0,0,0,0,0
7,CONSTITUCION,ALBACORA O PEZ ESPADA,1,8,0,0,0,0,0,0,0,0,0,0,0,0,0
7,CONSTITUCION,BACALAO DE PROFUNDIDAD,47,11,4,0,0,0,2,0,0,0,0,0,0,0,0
7,CONSTITUCION,CONGRIO DORADO,0,15,1,0,0,0,0,0,0,0,0,0,0,0,0
7,CONSTITUCION,CONGRIO NEGRO,49,151,50,0,0,0,0,0,0,0,0,0,0,0,0
7,CONSTITUCION,GAMBA,0,0,0,1,0,0,0,2,0,0,0,0,0,0,0
7,CONSTITUCION,MERLUZA COMUN,0,0,0,0,0,0,0,0,0,7,0,0,0,0,0
7,CONSTITUCION,RAYA VOLANTIN,0,2,18,0,0,0,0,0,0,0,0,0,0,0,0
7,CONSTITUCION,REINETA,0,33,0,0,0,0,0,0,0,0,0,0,0,0,0
8,CORONEL,AGUJILLA,35,128,0,0,0,1,0,0,0,0,0,1,0,0,0
8,CORONEL,ALFONSINO,0,0,0,0,807,11,4,18,100,29,449,0,0,0,0
8,CORONEL,ANCHOVETA,55289,5853,12314,13365,29749,40427,45858,71530,64726,46916,31143,6847,10027,2775,3714
8,CORONEL,BACALADILLO O MOTE,0,0,0,0,0,2123,92,0,39,0,11,674,384,4629,1693
8,CORONEL,BESUGO,0,25,0,0,0,0,0,0,0,0,0,0,0,0,0
8,CORONEL,BONITO,6,3,0,0,0,0,0,0,0,0,0,0,0,0,0
8,CORONEL,CABALLA,7910,74303,40076,42931,86078,49749,65866,68187,5921,9862,3212,1897,814,5248,4873
8,CORONEL,COJINOBA DEL NORTE,4,0,1,0,0,0,0,12,20,0,1,0,0,0,0
8,CORONEL,COJINOBA DEL SUR,1,0,0,0,0,0,0,0,0,0,0,0,0,0,0
8,CORONEL,COJINOBA MOTEADA,0,3,0,0,0,0,0,0,0,0,0,0,0,0,0
8,CORONEL,CONGRIO NEGRO,0,1,0,0,0,0,0,0,0,0,0,0,0,0,0
8,CORONEL,JIBIA O CALAMAR ROJO,0,129,33,526,1964,3916,3141,19741,3145,450,40373,2667,249,2841,15958
8,CORONEL,JUREL,365090,438629,375054,248310,314622,409937,385914,403755,50492,123735,32320,61255,110646,111738,156514
8,CORONEL,JUREL FINO,0,0,0,0,0,2,0,125,0,0,0,0,0,0,0
8,CORONEL,LISA,0,0,0,0,0,3,0,0,0,0,0,0,0,0,0
8,CORONEL,MACHUELO O TRITRE,14,11,96,6,0,0,0,0,0,0,0,0,0,0,0
8,CORONEL,MERLUZA COMUN,0,42,69,15,0,0,0,1,6,0,417,0,0,0,0
8,CORONEL,MERLUZA DE COLA,29481,45956,25989,12727,1425,10093,1589,0,897,0,0,303,0,6668,0
8,CORONEL,MERLUZA DE TRES ALETAS,9,0,0,0,0,0,0,0,0,0,0,0,0,0,0
8,CORONEL,MERLUZA DEL SUR O AUSTRAL,0,0,0,3,0,0,0,0,0,0,0,0,0,0,0
8,CORONEL,ORANGE ROUGHY,0,30,0,0,0,0,0,0,0,0,0,0,0,0,0
8,CORONEL,PALOMETA,17,0,3,1,0,0,0,0,0,0,0,0,0,0,0
8,CORONEL,PAMPANITO,0,0,10,0,0,22,21,15,0,0,0,0,21,0,11
8,CORONEL,PEJEGALLO,0,2,0,0,0,0,0,0,0,0,0,0,0,0,0
8,CORONEL,PESCADO NO CLASIFICADO,0,0,0,0,29,0,0,0,0,0,0,0,10,72,54
8,CORONEL,PEZ RUBIO,0,0,0,0,0,0,0,0,907,3,91,0,0,0,0
8,CORONEL,REINETA,9,0,3,0,0,0,0,0,5,0,0,0,0,9,5
8,CORONEL,SARDINA COMUN,157530,12562,7182,6863,15979,20016,23231,40577,93056,97393,73810,103838,111257,27951,41051
8,CORONEL,SARDINA ESPA헲LA,266,570,278,0,0,0,0,0,0,0,0,0,0,0,8
8,CORONEL,SIERRA,1,91,93,52,70,374,77,10,64,22,80,34,0,2,1
8,LIRQUEN,BESUGO,0,0,0,0,0,0,0,0,0,0,1,0,0,0,0
8,LIRQUEN,MERLUZA COMUN,0,0,0,0,0,0,0,0,0,0,684,0,0,0,0
8,LIRQUEN,MERLUZA DE COLA,0,0,0,0,0,0,0,0,0,0,2,0,0,0,0
8,LOTA,ANCHOVETA,0,0,0,0,0,0,7317,2582,4243,1953,14726,3015,751,493,144
8,LOTA,BACALADILLO O MOTE,0,0,0,0,0,0,0,0,0,0,5,765,3,3109,23
8,LOTA,CABALLA,0,0,0,0,0,0,6988,3481,202,294,363,1505,48,78,28
8,LOTA,JIBIA O CALAMAR ROJO,0,0,0,0,0,0,676,6645,0,0,18854,1148,182,20,1
8,LOTA,JUREL,0,0,0,0,0,1970,31144,16851,2447,4702,8494,12037,3466,3586,2243
8,LOTA,MERLUZA DE COLA,0,0,0,0,0,0,3,0,0,0,8670,10061,3986,1110,0
8,LOTA,SARDINA COMUN,0,0,0,0,0,0,4284,2385,8710,6612,28341,19931,14265,5053,7481
8,LOTA,SIERRA,0,0,0,0,0,0,0,0,0,0,0,0,3,0,0
8,SAN VICENTE,ACHA O HACHA,0,0,0,0,0,3,0,0,0,0,0,0,0,0,0
8,SAN VICENTE,AGUJILLA,62,11,0,0,0,10,0,0,0,0,0,0,0,5,14
8,SAN VICENTE,ALBACORA O PEZ ESPADA,11,0,0,0,0,0,0,0,0,0,0,0,0,0,0
8,SAN VICENTE,ALFONSINO,0,554,220,29,68,49,0,0,287,153,25,0,0,0,0
8,SAN VICENTE,ANCHOVETA,187081,8810,27267,49559,73953,76553,76996,83877,104668,105549,28219,2411,2354,1912,637
8,SAN VICENTE,ATUN ALETA AMARILLA,2,0,0,0,0,3,0,0,0,0,0,0,0,0,0
8,SAN VICENTE,ATUN ALETA LARGA,0,0,0,0,0,1,0,0,0,0,0,0,0,0,0
8,SAN VICENTE,ATUN OJOS GRANDES,0,0,0,0,0,8,0,0,0,0,0,0,0,0,0
8,SAN VICENTE,AZULEJO,0,0,0,0,0,6,0,0,0,0,0,0,0,0,0
8,SAN VICENTE,BACALADILLO O MOTE,0,0,0,0,0,36,0,0,0,0,0,87,147,3281,432
8,SAN VICENTE,BACALAO DE PROFUNDIDAD,2,2,0,0,0,0,0,0,0,0,0,0,0,0,0
8,SAN VICENTE,BESUGO,4,1454,102,178,98,291,136,334,180,147,62,73,17,13,1
8,SAN VICENTE,BLANQUILLO,43,0,0,0,0,0,1,0,1,1,1,1,0,0,0
8,SAN VICENTE,BONITO,15,1,0,0,0,0,0,0,0,0,0,0,0,0,0
8,SAN VICENTE,CABALLA,9082,80151,84216,93258,138454,62625,87603,76303,5941,14255,4372,3469,6199,9209,5279
8,SAN VICENTE,CABINZA,7,0,0,0,0,0,0,0,0,0,0,0,0,0,1
8,SAN VICENTE,CABRILLA,8,0,0,2,2,5,5,0,1,0,0,0,0,0,0
8,SAN VICENTE,CALAMAR,1,0,5,0,0,0,0,0,0,0,0,0,0,0,1
8,SAN VICENTE,CAMARON NAILON,13,0,0,0,0,0,7,0,0,0,0,0,0,0,0
8,SAN VICENTE,CHANCHARRO,0,0,1,0,2,1,0,0,0,0,0,1,0,0,13
8,SAN VICENTE,COCHINILLA,0,9,0,0,0,0,0,0,0,0,0,0,0,0,0
8,SAN VICENTE,COJINOBA DEL NORTE,26,0,0,0,0,0,0,31,1,2,0,0,0,0,0
8,SAN VICENTE,COJINOBA DEL SUR,2,0,13,0,0,4,2,0,1,0,0,0,11,0,0
8,SAN VICENTE,CONGRIO DORADO,11,28,7,6,2,0,0,0,0,0,0,0,0,0,0
8,SAN VICENTE,CONGRIO NEGRO,113,21,77,181,147,175,145,18,52,6,38,43,5,5,17
8,SAN VICENTE,CORVINA,5,0,0,0,0,0,0,0,0,0,0,0,13,0,0
8,SAN VICENTE,DORADO,3,0,0,0,0,0,0,0,0,0,0,0,0,0,0
8,SAN VICENTE,DORADO DE ALTURA,0,0,0,0,26,4,0,2,0,0,0,0,0,0,0
8,SAN VICENTE,GAMBA,5,12,6,0,17,0,0,0,0,0,0,0,0,0,0
8,SAN VICENTE,HUAIQUIL O CORVINILLA,0,0,0,0,0,0,0,0,3,0,0,0,0,0,0
8,SAN VICENTE,JIBIA O CALAMAR ROJO,0,0,203,0,2837,6002,2496,12716,3684,2707,68866,1560,4017,1428,12609
8,SAN VICENTE,JUREL,495956,617190,643741,391426,454729,360577,432412,386030,87072,159293,49037,39700,57510,56609,71675
8,SAN VICENTE,JUREL FINO,0,0,0,0,0,2,0,0,0,0,0,0,0,0,0
8,SAN VICENTE,LANGOSTINO COLORADO,0,0,0,0,0,0,0,0,0,68,0,0,0,0,0
8,SAN VICENTE,LENGUADO,0,0,0,0,0,0,0,0,1,1,3,3,0,0,0
8,SAN VICENTE,LENGUADO DE OJOS CHICOS,1,0,0,0,0,0,0,0,0,0,0,0,0,0,0
8,SAN VICENTE,LENGUADO OJOS GRANDES,0,0,0,0,0,0,0,0,0,0,0,0,5,0,0
8,SAN VICENTE,LISA,1,0,0,0,0,0,0,0,0,0,0,0,0,0,0
8,SAN VICENTE,MACHUELO O TRITRE,11,0,0,0,30,2,0,0,0,0,0,0,0,0,33
8,SAN VICENTE,MARRAJO DENTUDO,0,0,0,0,0,1,0,0,0,0,0,0,0,0,0
8,SAN VICENTE,MERLUZA COMUN,7160,20382,30359,29971,16750,15621,15830,14214,20145,19896,20619,17452,15241,11584,8417
8,SAN VICENTE,MERLUZA DE COLA,36004,55900,36993,9078,8224,11700,15719,12969,19029,24373,9873,11455,12219,4700,4500
8,SAN VICENTE,MERLUZA DEL SUR O AUSTRAL,0,135,151,69,37,50,41,10,62,28,27,82,39,34,1
8,SAN VICENTE,ORANGE ROUGHY,0,255,168,18,199,0,0,0,1,0,0,0,0,0,0
8,SAN VICENTE,PALOMETA,14,1,0,6,0,0,0,0,0,0,0,0,0,0,0
8,SAN VICENTE,PAMPANITO,0,0,0,0,0,0,0,0,10,0,0,0,0,1,135
8,SAN VICENTE,PEJEGALLO,167,3,2,39,35,10,6,4,1,5,5,2,4,2,1
8,SAN VICENTE,PEJERREY DE MAR,1,0,0,0,0,0,0,0,0,0,0,0,0,0,0
8,SAN VICENTE,PESCADO NO CLASIFICADO,0,3,0,0,5,1,0,0,1,0,0,1,12,192,17
8,SAN VICENTE,PEZ RUBIO,0,0,0,0,0,0,0,0,1,0,0,0,0,0,0
8,SAN VICENTE,PEZ SOL,0,0,0,0,0,12,0,0,0,0,0,0,0,0,0
8,SAN VICENTE,RAYA ESPINOSA,0,0,0,0,0,0,0,0,1,5,2,1,0,1,1
8,SAN VICENTE,RAYA VOLANTIN,1,0,4,0,0,0,0,0,4,2,5,0,2,0,0
8,SAN VICENTE,REINETA,6,64,10,29,43,59,62,11,3,0,5,43,26,8,4
8,SAN VICENTE,ROBALO,1,0,0,0,0,0,0,0,0,0,0,0,0,0,0
8,SAN VICENTE,RONCACHO,1,0,0,0,0,0,0,0,0,0,0,0,0,0,0
8,SAN VICENTE,SARDINA COMUN,156297,10379,13845,19570,33648,14021,29546,39440,104062,115146,59127,55237,62602,14530,22123
8,SAN VICENTE,SARDINA ESPA헲LA,941,64,746,0,0,0,80,93,97,41,0,0,0,0,0
8,SAN VICENTE,SIERRA,24,3,99,2,47,34,3,47,29,3,2,4,32,0,0
8,SAN VICENTE,TIBURON O MARRAJO,5,0,0,0,0,0,0,0,0,0,0,0,0,0,0
8,SAN VICENTE,TOLLO,36,0,0,0,0,0,0,0,0,0,0,0,0,0,0
8,SAN VICENTE,VINCIGUERRIA,0,0,0,0,0,0,0,0,0,0,0,0,360,0,0
8,TALCAHUANO,ACHA O HACHA,0,0,0,0,0,4,0,1,0,0,0,0,0,0,0
8,TALCAHUANO,AGUJILLA,3,2345,0,0,0,0,0,0,0,0,0,0,0,0,0
8,TALCAHUANO,ALBACORA O PEZ ESPADA,0,0,0,0,1,0,0,0,0,0,0,0,0,0,0
8,TALCAHUANO,ALFONSINO,3970,4569,7944,9001,1933,2729,2373,2610,2219,927,474,212,0,0,0
8,TALCAHUANO,ANCHOVETA,55047,3820,12445,16316,20334,26768,19209,0,120,0,0,0,120,0,0
8,TALCAHUANO,ANGUILA,4,88,0,0,0,0,0,0,0,0,0,0,0,0,0
8,TALCAHUANO,ATUN OJOS GRANDES,0,0,0,0,0,3,0,0,0,0,0,0,0,0,0
8,TALCAHUANO,AZULEJO,0,0,0,0,0,3,0,0,0,0,0,0,0,0,0
8,TALCAHUANO,BACALAO DE PROFUNDIDAD,0,0,0,2,0,0,2,0,0,0,0,0,0,0,0
8,TALCAHUANO,BESUGO,5653,3086,1452,2918,1785,757,880,328,148,17,19,1,1,9,0
8,TALCAHUANO,BLANQUILLO,14,0,1,14,16,1,0,0,0,0,0,0,0,0,0
8,TALCAHUANO,BONITO,4,1,0,0,0,0,0,0,0,0,0,0,0,0,0
8,TALCAHUANO,BROTULA,0,1,0,0,0,0,0,0,0,0,0,0,0,0,0
8,TALCAHUANO,CABALLA,4674,49928,34562,30637,61172,57652,37300,200,0,0,0,0,0,0,0
8,TALCAHUANO,CABINZA,3,0,0,0,0,0,0,0,0,0,0,0,0,0,0
8,TALCAHUANO,CABRILLA,5,0,0,2,5,3,1,0,1,0,0,1,0,0,0
8,TALCAHUANO,CABRILLA COMUN,7,0,0,8,5,1,2,0,0,0,0,0,0,0,0
8,TALCAHUANO,CACHURRETA,0,0,0,0,0,1,0,0,0,0,0,0,0,0,0
8,TALCAHUANO,CALAMAR,3,0,0,0,0,0,0,0,0,0,0,0,0,0,0
8,TALCAHUANO,CAMARON DE TALUD,3,0,0,0,0,0,0,0,0,0,0,0,0,0,0
8,TALCAHUANO,CAMARON NAILON,98,1,9,0,84,331,889,956,577,601,947,949,656,1178,958
8,TALCAHUANO,CHANCHARRO,12,14,0,4,33,18,20,8,1,0,0,2,6,0,0
8,TALCAHUANO,COCHINILLA,1384,0,0,0,0,0,0,0,0,0,0,0,0,0,0
8,TALCAHUANO,COJINOBA DEL NORTE,90,43,1,0,0,0,1,0,0,0,0,1,0,0,0
8,TALCAHUANO,COJINOBA DEL SUR,4,5,0,0,15,7,6,6,1,0,0,1,2,0,0
8,TALCAHUANO,COJINOBA MOTEADA,3,0,0,3,18,12,0,1,2,0,82,3,9,0,0
8,TALCAHUANO,CONGRIO COLORADO,1,0,0,0,0,0,0,0,0,0,0,0,0,0,0
8,TALCAHUANO,CONGRIO DORADO,274,342,66,83,83,34,87,5,5,0,0,54,46,0,0
8,TALCAHUANO,CONGRIO NEGRO,513,425,185,602,470,361,100,10,16,23,32,40,16,13,0
8,TALCAHUANO,CORVINA,2,0,0,0,0,2,6,0,0,0,0,0,0,0,0
8,TALCAHUANO,DORADO,4,0,0,0,0,0,0,0,0,0,0,0,0,0,0
8,TALCAHUANO,DORADO DE ALTURA,0,0,0,0,20,49,5,6,0,0,0,0,0,0,0
8,TALCAHUANO,GAMBA,110,55,10,0,1,6,8,4,0,0,0,0,0,0,0
8,TALCAHUANO,JIBIA O CALAMAR ROJO,4,0,27,349,706,920,628,0,4,0,99,15060,24627,4557,22538
8,TALCAHUANO,JUREL,166121,236155,234627,103152,125094,170925,166908,1159,0,0,5,0,170,0,0
8,TALCAHUANO,LANGOSTINO AMARILLO,73,0,28,0,10,6,14,1,5,0,0,47,0,1,17
8,TALCAHUANO,LANGOSTINO COLORADO,3363,0,135,0,25,20,28,24,21,251,299,64,11,54,80
8,TALCAHUANO,LENGUADO,0,0,0,0,0,46,45,16,1,0,0,0,0,0,0
8,TALCAHUANO,LENGUADO DE OJOS CHICOS,15,0,0,20,45,0,0,0,0,0,0,0,0,0,0
8,TALCAHUANO,MACHUELO O TRITRE,26,37,0,0,0,0,0,0,0,0,0,0,0,0,0
8,TALCAHUANO,MERLUZA COMUN,52363,49158,46069,44398,27776,19045,21661,16293,10039,7868,5744,7737,7355,8746,1108
8,TALCAHUANO,MERLUZA DE COLA,9785,26244,32088,26096,7771,4111,3514,3625,2562,524,450,942,1198,1641,417
8,TALCAHUANO,MERLUZA DE TRES ALETAS,2,0,0,0,0,0,0,0,0,0,0,0,0,0,0
8,TALCAHUANO,MERLUZA DEL SUR O AUSTRAL,33,288,109,441,795,340,169,193,35,44,3,77,264,60,136
8,TALCAHUANO,ORANGE ROUGHY,1139,1583,1335,1206,525,340,259,5,0,0,0,0,0,0,0
8,TALCAHUANO,PALOMETA,110,5,0,0,0,0,0,0,0,0,0,0,0,0,0
8,TALCAHUANO,PAMPANITO,5,0,0,0,0,0,0,0,0,0,0,0,0,0,0
8,TALCAHUANO,PEJEGALLO,47,73,35,94,332,59,58,5,1,1,0,1,2,2,0
8,TALCAHUANO,PEJERRATA,4,0,0,0,0,0,0,0,0,0,0,0,0,0,0
8,TALCAHUANO,PEJERREY DE MAR,0,0,0,0,0,0,0,10,0,0,0,0,0,0,0
8,TALCAHUANO,PESCADO NO CLASIFICADO,31,0,0,0,1,4,2,2,6,0,0,0,143,2,0
8,TALCAHUANO,PEZ RUBIO,0,0,0,0,0,0,0,0,1,0,0,0,0,0,0
8,TALCAHUANO,PEZ SOL,0,0,0,0,0,7,0,0,0,0,0,0,0,0,0
8,TALCAHUANO,RAYA AGUILA,0,0,0,0,0,0,2,0,0,0,0,0,0,0,0
8,TALCAHUANO,RAYA ESPINOSA,0,0,0,0,26,12,48,46,5,0,0,0,0,0,0
8,TALCAHUANO,RAYA MOTEADA,0,0,0,0,5,0,1,0,0,0,0,0,0,0,0
8,TALCAHUANO,RAYA VOLANTIN,64,98,101,353,273,100,88,25,19,0,0,9,1,0,0
8,TALCAHUANO,REINETA,137,522,12,17,114,74,29,25,2,0,0,11,308,4,0
8,TALCAHUANO,SARDINA COMUN,69572,6264,7213,8789,13177,11304,10319,0,175,0,0,0,1171,0,0
8,TALCAHUANO,SARDINA ESPA헲LA,18,589,0,0,0,0,0,0,0,0,0,0,0,0,0
8,TALCAHUANO,SIERRA,88,8,10,4,42,4,0,0,0,1,0,0,5,0,0
8,TALCAHUANO,TIBURON O MARRAJO,0,0,0,0,0,2,0,0,0,0,0,0,0,0,0
8,TALCAHUANO,TOLLO,10,0,0,0,1,2,3,0,0,0,0,0,0,0,0
8,TALCAHUANO,TOLLO DE CACHOS,0,0,0,0,0,0,0,0,0,0,0,0,2,0,0
8,TALCAHUANO,VINCIGUERRIA,0,0,0,0,0,0,0,0,0,0,0,0,63,0,0
8,TOME,AGUJILLA,0,220,0,0,0,0,0,0,0,0,0,0,0,0,0
8,TOME,ANCHOVETA,7146,2358,0,0,0,0,0,0,0,0,0,0,0,0,0
8,TOME,BROTULA,1,0,0,0,0,0,0,0,0,0,0,0,0,0,0
8,TOME,CABALLA,100,6012,5421,8795,11945,58,0,0,0,0,0,0,0,0,0
8,TOME,CABRILLA,1,0,0,0,0,0,0,0,0,0,0,0,0,0,0
8,TOME,CAMARON NAILON,23,0,0,5,0,0,0,0,0,5,0,0,3,0,0
8,TOME,COJINOBA DEL NORTE,1,0,0,0,0,0,0,0,0,0,0,0,0,0,0
8,TOME,COJINOBA DEL SUR,1,0,0,0,0,0,0,0,0,0,0,0,0,0,0
8,TOME,CONGRIO DORADO,59,0,0,0,0,0,0,0,0,0,0,0,0,0,0
8,TOME,CONGRIO NEGRO,9,0,0,0,0,0,0,0,0,0,0,0,0,0,0
8,TOME,JUREL,24276,36205,30406,30810,25596,226,0,0,0,0,0,0,0,0,0
8,TOME,LANGOSTINO AMARILLO,91,2,0,9,0,0,0,0,0,215,589,409,0,0,107
8,TOME,LANGOSTINO COLORADO,4780,5,0,0,0,0,0,0,0,2038,1423,2385,3787,4559,5914
8,TOME,LENGUADO DE OJOS CHICOS,0,0,0,1,0,0,0,0,0,0,0,0,0,0,0
8,TOME,MACHUELO O TRITRE,88,0,0,0,0,0,0,0,0,0,0,0,0,0,0
8,TOME,MERLUZA COMUN,4633,636,0,0,0,0,0,0,0,1,0,0,0,0,2
8,TOME,MERLUZA DE COLA,139,638,0,0,0,0,0,0,0,0,0,0,0,0,0
8,TOME,MERLUZA DEL SUR O AUSTRAL,493,5,0,0,0,0,0,0,0,0,0,0,0,0,0
8,TOME,PEJEGALLO,1,0,0,0,0,0,0,0,0,0,0,0,0,0,0
8,TOME,RAYA VOLANTIN,24,0,0,0,0,0,0,0,0,0,0,0,0,0,0
8,TOME,REINETA,27,0,0,0,0,0,0,0,0,0,0,0,0,0,0
8,TOME,SARDINA COMUN,4410,772,0,0,0,0,0,0,0,0,0,0,0,0,0
8,TOME,SARDINA ESPA헲LA,45,110,0,0,0,0,0,0,0,0,0,0,0,0,0
8,TOME,TOLLO,3,0,0,0,0,0,0,0,0,0,0,0,0,0,0
14,CORRAL,ANCHOVETA,0,0,0,0,0,0,0,20377,8586,15217,11660,452,50,590,73
14,CORRAL,BACALADILLO O MOTE,0,0,0,0,0,0,0,0,0,0,0,0,27,4191,25
14,CORRAL,CABALLA,0,0,0,0,0,0,0,464,0,41,12,0,0,0,0
14,CORRAL,COJINOBA MOTEADA,0,0,0,0,0,0,0,0,0,0,1,0,0,0,0
14,CORRAL,CONGRIO NEGRO,0,0,0,0,0,0,0,0,0,0,1,0,0,0,0
14,CORRAL,JIBIA O CALAMAR ROJO,0,0,0,0,0,0,0,0,900,0,1718,9,44,0,0
14,CORRAL,JUREL,0,0,0,0,0,0,0,8247,1882,1368,408,782,0,0,0
14,CORRAL,MERLUZA COMUN,0,0,0,0,0,0,0,480,606,870,2356,1054,287,252,0
14,CORRAL,MERLUZA DE COLA,0,0,0,0,0,0,0,705,1336,80,313,4746,2059,0,0
14,CORRAL,MERLUZA DE TRES ALETAS,0,0,0,0,0,0,0,0,18,0,4,0,0,0,0
14,CORRAL,MERLUZA DEL SUR O AUSTRAL,0,0,0,0,0,0,0,11,98,0,21,0,0,0,0
14,CORRAL,PAMPANITO,0,0,0,0,0,0,0,6,0,0,0,0,0,52,0
14,CORRAL,PEJEGALLO,0,0,0,0,0,0,0,0,0,0,1,0,0,0,0
14,CORRAL,RAYA AGUILA,0,0,0,0,0,0,0,1,0,0,0,0,0,0,0
14,CORRAL,REINETA,0,0,0,0,0,0,0,7,0,0,0,2,0,0,0
14,CORRAL,SARDINA COMUN,0,0,0,0,0,0,0,12406,16937,29754,30372,18731,13639,6747,4552
14,CORRAL,SIERRA,0,0,0,0,0,0,0,0,0,0,0,1,0,0,0
14,CORRAL,VINCIGUERRIA,0,0,0,0,0,0,0,0,0,0,0,0,595,0,0
14,VALDIVIA,ANCHOVETA,0,0,0,0,0,0,0,0,0,210,0,0,0,0,0
14,VALDIVIA,CABALLA,0,0,0,0,0,0,0,27,0,0,0,0,0,0,0
14,VALDIVIA,CHANCHARRO,0,0,0,0,0,0,0,2,0,0,0,0,0,0,0
14,VALDIVIA,CONGRIO NEGRO,0,0,0,0,0,0,0,3,0,2,0,0,0,0,0
14,VALDIVIA,JIBIA O CALAMAR ROJO,0,0,0,0,0,0,0,0,0,0,0,0,8,0,0
14,VALDIVIA,JUREL,0,0,0,0,0,0,0,858,0,0,0,0,0,0,0
14,VALDIVIA,MERLUZA COMUN,0,0,0,0,0,0,0,2178,1798,3416,2454,664,465,602,0
14,VALDIVIA,PEJEGALLO,0,0,0,0,0,0,0,134,47,0,0,0,0,0,0
14,VALDIVIA,REINETA,0,0,0,0,0,0,0,40,1,0,0,0,0,0,0
14,VALDIVIA,SARDINA COMUN,0,0,0,0,0,0,0,0,0,16,3,139,0,0,0
14,VALDIVIA,SIERRA,0,0,0,0,0,0,0,8,0,0,0,0,0,0,0
14,VALDIVIA,VINCIGUERRIA,0,0,0,0,0,0,0,0,0,0,0,0,408,0,0
10,ANCUD,ANCHOVETA,0,0,0,0,228,0,0,0,0,0,0,0,0,0,0
10,ANCUD,BACALAO DE PROFUNDIDAD,46,2,0,3,0,1,0,0,0,0,0,0,0,0,0
10,ANCUD,CABALLA,0,0,0,0,63,0,0,0,0,0,0,0,0,0,0
10,ANCUD,CAMARON NAILON,0,0,0,0,2,0,0,0,0,0,0,0,0,0,0
10,ANCUD,CENTOLLA,5,24,0,0,0,0,0,0,0,0,0,0,0,0,0
10,ANCUD,JIBIA O CALAMAR ROJO,0,0,0,0,0,0,0,0,0,0,98,0,0,0,0
10,ANCUD,JUREL,0,0,0,0,69,0,0,0,0,0,0,0,0,0,0
10,ANCUD,MERLUZA DE COLA,0,0,0,0,0,0,0,0,0,0,11,0,0,0,0
10,ANCUD,MERLUZA DEL SUR O AUSTRAL,0,0,0,0,0,0,0,0,0,0,19,0,0,0,0
10,ANCUD,REINETA,0,0,0,0,0,0,0,0,0,0,1,0,0,0,0
10,CALBUCO,ANCHOVETA,0,0,0,0,0,0,0,0,0,0,3370,383,0,0,0
10,CALBUCO,CENTOLLA,0,0,0,0,0,0,0,0,0,0,0,0,0,2,0
10,CALBUCO,JIBIA O CALAMAR ROJO,0,0,0,0,0,0,0,0,0,0,0,311,171,0,0
10,CALBUCO,MERLUZA DE COLA,0,0,0,0,0,0,121,0,0,563,0,2225,5881,0,0
10,CALBUCO,SARDINA COMUN,0,0,0,0,0,0,0,0,0,0,21199,3115,0,0,0
14,CORRAL,ANCHOVETA,0,11100,7943,5824,3649,12137,13399,0,0,0,0,0,0,0,0
14,CORRAL,BACALADILLO O MOTE,0,0,0,0,0,22,0,0,0,0,0,0,0,0,0
14,CORRAL,BESUGO,0,0,0,0,0,2,4,0,0,0,0,0,0,0,0
14,CORRAL,CABALLA,0,3489,2462,2462,6703,2282,3350,0,0,0,0,0,0,0,0
14,CORRAL,CENTOLLA,0,2,0,0,0,0,0,0,0,0,0,0,0,0,0
14,CORRAL,CHANCHARRO,0,0,0,0,5,1,0,0,0,0,0,0,0,0,0
14,CORRAL,COCHINILLA,0,0,0,0,0,159,0,0,0,0,0,0,0,0,0
14,CORRAL,COJINOBA DEL NORTE,0,0,0,0,0,0,2,0,0,0,0,0,0,0,0
14,CORRAL,COJINOBA DEL SUR,0,0,10,0,0,0,0,0,0,0,0,0,0,0,0
14,CORRAL,JIBIA O CALAMAR ROJO,0,0,0,0,0,0,7,0,0,0,0,0,0,0,0
14,CORRAL,JUREL,0,25956,26743,14829,21508,14281,33559,0,0,0,0,0,0,0,0
14,CORRAL,MACHUELO O TRITRE,0,20,81,0,0,0,79,0,0,0,0,0,0,0,0
14,CORRAL,MERLUZA COMUN,0,23,1,0,603,1396,661,0,0,0,0,0,0,0,0
14,CORRAL,MERLUZA DE COLA,0,6852,1713,14,1684,845,1040,0,0,0,0,0,0,0,0
14,CORRAL,MERLUZA DEL SUR O AUSTRAL,0,0,0,0,0,139,246,0,0,0,0,0,0,0,0
14,CORRAL,PEJEGALLO,0,0,0,0,46,4,1,0,0,0,0,0,0,0,0
14,CORRAL,RAYA ESPINOSA,0,0,0,0,0,3,1,0,0,0,0,0,0,0,0
14,CORRAL,RAYA VOLANTIN,0,0,0,0,0,2,0,0,0,0,0,0,0,0,0
14,CORRAL,REINETA,0,0,0,0,32,30,1,0,0,0,0,0,0,0,0
14,CORRAL,RONCACHO,0,5,0,0,0,0,0,0,0,0,0,0,0,0,0
14,CORRAL,SARDINA COMUN,0,18924,8162,5067,5750,14424,11951,0,0,0,0,0,0,0,0
14,CORRAL,SIERRA,0,0,55,0,0,0,0,0,0,0,0,0,0,0,0
10,OSORNO,ANCHOVETA,0,0,0,0,0,0,0,0,0,21,0,0,0,0,0
10,PUERTO MONTT,ALFONSINO,285,0,0,105,0,0,0,20,0,0,0,0,0,0,0
10,PUERTO MONTT,BACALAO DE PROFUNDIDAD,102,63,0,14,3,2,18,0,0,0,0,0,0,0,0
10,PUERTO MONTT,BESUGO,2,0,0,0,4,6,0,3,0,0,0,0,0,0,0
10,PUERTO MONTT,CENTOLLA,224,198,155,116,94,47,59,132,102,104,130,115,86,15,20
10,PUERTO MONTT,CHANCHARRO,7,0,0,0,1,8,5,3,0,0,0,0,0,0,0
10,PUERTO MONTT,COJINOBA DEL NORTE,13,4,0,3,0,0,7,2,0,0,0,0,0,0,0
10,PUERTO MONTT,COJINOBA DEL SUR,10,4,0,3,1,2,18,5,0,0,0,0,0,0,0
10,PUERTO MONTT,COJINOBA MOTEADA,0,0,0,0,0,3,0,0,0,0,0,0,0,0,0
10,PUERTO MONTT,CONGRIO DORADO,374,182,8,41,17,11,188,23,0,0,0,0,0,0,0
10,PUERTO MONTT,DORADO DE ALTURA,0,0,0,0,6,0,0,11,0,0,0,0,0,0,0
10,PUERTO MONTT,JUREL,1,0,333,0,0,0,0,0,0,0,0,0,0,0,0
10,PUERTO MONTT,MERLUZA COMUN,82,0,0,0,522,667,850,642,0,0,0,0,0,0,0
10,PUERTO MONTT,MERLUZA DE COLA,27,689,63,16,605,2620,2774,1378,0,0,0,0,104,0,0
10,PUERTO MONTT,MERLUZA DE TRES ALETAS,0,0,0,0,0,0,2,0,0,0,0,0,0,0,0
10,PUERTO MONTT,MERLUZA DEL SUR O AUSTRAL,921,130,41,172,77,466,233,331,0,0,0,0,29,0,0
10,PUERTO MONTT,PALOMETA,1,0,0,0,0,0,0,0,0,0,0,0,0,0,0
10,PUERTO MONTT,PEJEGALLO,0,0,0,0,4,5,9,0,0,0,0,0,0,0,0
10,PUERTO MONTT,PEJERRATA,0,0,2,0,0,0,0,0,0,0,0,0,0,0,0
10,PUERTO MONTT,PESCADO NO CLASIFICADO,2,0,0,0,0,0,0,0,0,0,0,0,0,0,0
10,PUERTO MONTT,RAYA VOLANTIN,123,12,2,1,0,2,2,5,0,0,0,0,0,0,0
10,PUERTO MONTT,REINETA,0,0,0,0,8,7,7,7,0,0,0,0,0,0,0
10,PUERTO MONTT,TOLLO,8,0,0,0,0,0,7,0,0,0,0,0,0,0,0
10,QUELLON,BACALAO DE PROFUNDIDAD,166,63,34,2,0,0,0,0,0,0,0,0,0,0,0
10,QUELLON,BESUGO,0,0,0,0,0,3,8,0,0,0,0,0,0,0,0
10,QUELLON,CENTOLLA,0,0,2,0,0,0,0,0,0,0,0,2,0,0,0
10,QUELLON,COJINOBA DEL NORTE,0,0,0,0,16,0,7,0,0,0,0,0,0,0,0
10,QUELLON,COJINOBA DEL SUR,0,0,0,0,15,9,4,15,0,0,0,0,0,0,0
10,QUELLON,COJINOBA MOTEADA,0,0,0,0,0,0,3,0,0,0,0,0,0,0,0
10,QUELLON,CONGRIO DORADO,0,0,0,0,2,1,1,3,0,0,1,0,0,0,0
10,QUELLON,DORADO DE ALTURA,0,0,0,0,0,1,0,0,0,0,0,0,0,0,0
10,QUELLON,MERLUZA COMUN,0,0,0,0,0,31,9,0,0,0,0,0,0,0,0
10,QUELLON,MERLUZA DE COLA,0,0,0,0,984,4695,2461,1878,0,0,87,0,0,0,0
10,QUELLON,MERLUZA DEL SUR O AUSTRAL,0,0,0,0,98,311,100,71,0,0,0,0,0,0,0
10,QUELLON,RAYA VOLANTIN,0,0,0,0,0,0,0,1,0,0,0,0,0,0,0
10,QUELLON,REINETA,0,0,0,0,4,11,7,1,0,0,0,0,0,0,0
14,VALDIVIA,ANCHOVETA,9453,0,0,0,0,0,0,0,0,0,0,0,0,0,0
14,VALDIVIA,BACALAO DE PROFUNDIDAD,32,19,0,4,0,2,7,0,0,0,0,0,0,0,0
14,VALDIVIA,CABALLA,87,0,0,0,135,0,0,0,0,0,0,0,0,0,0
14,VALDIVIA,CABRILLA,0,0,0,0,2,9,1,0,0,0,0,0,0,0,0
14,VALDIVIA,CENTOLLA,122,0,0,0,0,0,0,0,0,0,0,0,0,0,0
14,VALDIVIA,CHANCHARRO,0,0,0,0,0,0,1,0,0,0,0,0,0,0,0
14,VALDIVIA,COJINOBA DEL SUR,0,0,0,0,0,7,0,0,0,0,0,0,0,0,0
14,VALDIVIA,CONGRIO NEGRO,0,0,0,0,1,5,0,0,0,0,0,0,0,0,0
14,VALDIVIA,JIBIA O CALAMAR ROJO,0,0,0,0,1,3,0,0,0,0,0,0,0,0,0
14,VALDIVIA,JUREL,10999,0,0,0,463,0,0,0,0,0,0,0,0,0,0
14,VALDIVIA,MERLUZA COMUN,367,0,0,0,2414,3152,839,0,0,0,0,0,0,0,0
14,VALDIVIA,MERLUZA DE COLA,11,0,0,0,36,0,81,0,0,0,0,0,0,0,0
14,VALDIVIA,MERLUZA DEL SUR O AUSTRAL,0,0,0,0,0,0,15,0,0,0,0,0,0,0,0
14,VALDIVIA,PEJEGALLO,0,0,0,0,60,82,10,0,0,0,0,0,0,0,0
14,VALDIVIA,RAYA VOLANTIN,5,0,0,0,0,0,0,0,0,0,0,0,0,0,0
14,VALDIVIA,REINETA,0,0,0,0,4,29,16,0,0,0,0,0,0,0,0
14,VALDIVIA,SARDINA COMUN,37667,0,0,0,0,0,0,0,0,0,0,0,0,0,0
14,VALDIVIA,SARDINA ESPA헲LA,10,0,0,0,0,0,0,0,0,0,0,0,0,0,0
14,VALDIVIA,SIERRA,1,0,0,0,2,4,0,0,0,0,0,0,0,0,0
11,AYSEN,ALFONSINO,111,1,0,0,2,0,0,0,0,0,0,0,0,0,0
11,AYSEN,BACALAO DE PROFUNDIDAD,22,0,0,5,0,0,0,0,0,0,0,0,0,0,0
11,AYSEN,BESUGO,15,34,7,0,0,22,0,0,0,0,0,0,0,0,0
11,AYSEN,BLANQUILLO,4,0,0,0,0,0,0,0,0,0,0,0,0,0,0
11,AYSEN,BROTULA,24,37,18,2,392,760,367,3,0,0,0,0,0,0,0
11,AYSEN,CABRILLA,10,1,0,0,0,1,4,0,0,0,0,0,0,0,0
11,AYSEN,CABRILLA COMUN,1,0,0,0,1,0,0,0,0,0,0,0,0,0,0
11,AYSEN,CALAMAR,1,0,14,0,0,0,0,0,0,0,0,0,0,0,0
11,AYSEN,CHANCHARRO,14,57,10,9,13,35,53,76,0,0,0,0,0,0,0
11,AYSEN,COJINOBA DEL NORTE,246,366,388,203,511,155,419,10,0,0,0,0,0,0,0
11,AYSEN,COJINOBA DEL SUR,210,145,155,202,139,146,132,20,0,0,0,0,0,0,0
11,AYSEN,COJINOBA MOTEADA,0,0,0,0,0,2,21,415,56,0,0,0,0,0,0
11,AYSEN,CONGRIO COLORADO,2,0,0,0,0,0,0,0,0,0,0,0,0,0,0
11,AYSEN,CONGRIO DORADO,1628,1982,1623,876,711,178,736,216,7,0,0,0,0,0,0
11,AYSEN,CONGRIO NEGRO,1,0,0,0,1,1,0,0,0,0,0,0,0,0,0
11,AYSEN,DORADO DE ALTURA,0,0,0,0,3,4,2,2,1,0,0,0,0,0,0
11,AYSEN,JIBIA O CALAMAR ROJO,1,1,0,0,37,22,4,0,0,0,0,0,0,0,0
11,AYSEN,MERLUZA COMUN,844,446,67,120,35,37,10,3,0,0,0,0,0,0,0
11,AYSEN,MERLUZA DE COLA,766,8333,10488,12843,17041,14970,14055,10529,6395,491,0,0,0,0,0
11,AYSEN,MERLUZA DE TRES ALETAS,2,0,0,0,70,67,495,0,0,0,0,0,0,0,0
11,AYSEN,MERLUZA DEL SUR O AUSTRAL,7235,5587,4726,4483,3614,3924,2935,2353,1800,95,0,0,0,0,0
11,AYSEN,ORANGE ROUGHY,334,0,0,1,1,0,0,0,0,0,0,0,0,0,0
11,AYSEN,PALOMETA,4,0,2,4,0,0,0,0,0,0,0,0,0,0,0
11,AYSEN,PEJEGALLO,10,2,5,4,2,3,1,0,0,0,0,0,0,0,0
11,AYSEN,PESCADO NO CLASIFICADO,10,0,0,0,0,0,0,0,0,0,0,0,0,0,0
11,AYSEN,RAYA VOLANTIN,193,205,122,106,106,49,0,60,0,0,0,0,0,0,0
11,AYSEN,REINETA,25,12,9,1,32,26,52,77,14,0,0,0,0,0,0
11,AYSEN,SIERRA,0,0,1,0,0,0,0,0,0,0,0,0,0,0,0
11,AYSEN,TOLLO,7,9,1,1,4,13,35,26,8,0,0,0,0,0,0
11,CHACABUCO,BROTULA,0,0,0,0,0,0,0,5,1,5,3,5,1,5,37
11,CHACABUCO,CABRILLA,0,0,0,0,0,0,0,0,0,1,0,0,0,0,0
11,CHACABUCO,CHANCHARRO,0,0,0,0,0,0,0,58,26,28,19,95,25,6,1
11,CHACABUCO,COJINOBA DEL NORTE,0,0,0,0,0,0,3,0,0,0,0,0,1,0,0
11,CHACABUCO,COJINOBA DEL SUR,0,0,0,0,0,0,0,28,35,18,13,13,24,29,0
11,CHACABUCO,COJINOBA DEL SUR O AZUL,0,0,0,0,0,0,0,0,0,0,0,0,0,0,12
11,CHACABUCO,COJINOBA MOTEADA,0,0,0,0,0,0,0,180,120,394,174,296,301,637,580
11,CHACABUCO,CONGRIO DORADO,0,0,0,0,0,0,0,186,180,165,531,382,359,189,62
11,CHACABUCO,JIBIA O CALAMAR ROJO,0,0,0,0,0,0,0,0,0,0,477,1857,56,99,13
11,CHACABUCO,MERLUZA COMUN,0,0,0,0,0,0,0,0,1,1,9,1,0,0,0
11,CHACABUCO,MERLUZA DE COLA,0,0,0,0,0,0,78,817,8453,15168,16465,11551,8927,11691,11839
11,CHACABUCO,MERLUZA DE TRES ALETAS,0,0,0,0,0,0,0,0,57,0,1,120,269,1384,1127
11,CHACABUCO,MERLUZA DEL SUR O AUSTRAL,0,0,0,0,0,0,0,341,2103,3453,3702,3691,4347,6081,2861
11,CHACABUCO,RAYA VOLANTIN,0,0,0,0,0,0,0,37,81,7,0,141,0,0,0
11,CHACABUCO,REINETA,0,0,0,0,0,0,0,6,23,77,56,2979,2359,666,2871
11,CHACABUCO,TOLLO,0,0,0,0,0,0,0,10,16,3,1,0,4,0,0
11,CHACABUCO,"VIDRIOLA, PALOMETA, DORADO O TOREMO",0,0,0,0,0,0,0,0,0,0,0,13,3,0,0
11,CISNES,JIBIA O CALAMAR ROJO,0,0,0,0,0,0,0,779,0,0,0,0,0,0,0
12,PUERTO NATALES,BACALAO DE PROFUNDIDAD,0,0,0,7,0,3,96,0,0,0,0,0,0,0,0
12,PUERTO WILLIAMS,BACALAO DE PROFUNDIDAD,0,38,80,63,52,0,0,0,0,0,0,0,0,0,0
12,PUNTA ARENAS,BACALAO DE PROFUNDIDAD,440,76,40,3,13,0,13,0,0,0,0,0,0,0,0
12,PUNTA ARENAS,CONGRIO DORADO,34,0,35,0,0,0,0,0,0,0,0,0,0,0,0
12,PUNTA ARENAS,MERLUZA DEL SUR O AUSTRAL,0,0,13,0,0,0,0,0,0,0,0,0,0,0,0
12,PUNTA ARENAS,ORANGE ROUGHY,9,0,0,0,0,0,0,0,0,0,0,0,0,0,0
